Created by PLY version 3.11 (http://www.dabeaz.com/ply)

Grammar

Rule 0     S' -> program_file
Rule 1     program_file -> program_file program_unit
Rule 2     program_file -> program_unit
Rule 3     program_unit -> main_program
Rule 4     program_unit -> function_def
Rule 5     program_unit -> subroutine_def
Rule 6     main_program -> PROGRAM ID declarations statements END
Rule 7     function_def -> type FUNCTION ID LPAREN param_list_opt RPAREN declarations statements END
Rule 8     subroutine_def -> SUBROUTINE ID LPAREN param_list_opt RPAREN declarations statements END
Rule 9     subroutine_def -> SUBROUTINE ID declarations statements END
Rule 10    param_list_opt -> param_list
Rule 11    param_list_opt -> empty
Rule 12    param_list -> param_list COMMA ID
Rule 13    param_list -> ID
Rule 14    declarations -> declarations declaration
Rule 15    declarations -> empty
Rule 16    declaration -> type id_decl_list
Rule 17    type -> INTEGER
Rule 18    type -> REAL
Rule 19    type -> LOGICAL
Rule 20    type -> CHARACTER
Rule 21    type -> CHARACTER LPAREN INT_CONST RPAREN
Rule 22    type -> CHARACTER TIMES INT_CONST
Rule 23    id_decl_list -> id_decl_list COMMA id_decl
Rule 24    id_decl_list -> id_decl
Rule 25    id_decl -> ID
Rule 26    id_decl -> ID LPAREN INT_CONST RPAREN
Rule 27    id_decl -> ID LPAREN ID RPAREN
Rule 28    statements -> statements labeled_stmt
Rule 29    statements -> empty
Rule 30    labeled_stmt -> INT_CONST statement
Rule 31    labeled_stmt -> statement
Rule 32    statement -> assign_stmt
Rule 33    statement -> if_stmt
Rule 34    statement -> do_stmt
Rule 35    statement -> goto_stmt
Rule 36    statement -> continue_stmt
Rule 37    statement -> print_stmt
Rule 38    statement -> read_stmt
Rule 39    statement -> call_stmt
Rule 40    statement -> return_stmt
Rule 41    assign_stmt -> ID EQUALS expr
Rule 42    assign_stmt -> ID LPAREN expr RPAREN EQUALS expr
Rule 43    if_stmt -> IF LPAREN expr RPAREN THEN statements ENDIF
Rule 44    if_stmt -> IF LPAREN expr RPAREN THEN statements ELSE statements ENDIF
Rule 45    if_stmt -> IF LPAREN expr RPAREN statement
Rule 46    do_stmt -> DO INT_CONST ID EQUALS expr COMMA expr do_body do_end
Rule 47    do_stmt -> DO INT_CONST ID EQUALS expr COMMA expr COMMA expr do_body do_end
Rule 48    do_body -> do_body statement
Rule 49    do_body -> empty
Rule 50    do_end -> INT_CONST CONTINUE
Rule 51    goto_stmt -> GOTO INT_CONST
Rule 52    continue_stmt -> CONTINUE
Rule 53    print_stmt -> PRINT TIMES COMMA expr_list
Rule 54    read_stmt -> READ TIMES COMMA read_list
Rule 55    read_list -> read_list COMMA read_item
Rule 56    read_list -> read_item
Rule 57    read_item -> ID
Rule 58    read_item -> ID LPAREN expr RPAREN
Rule 59    call_stmt -> CALL ID
Rule 60    call_stmt -> CALL ID LPAREN expr_list RPAREN
Rule 61    return_stmt -> RETURN
Rule 62    expr_list -> expr_list COMMA expr
Rule 63    expr_list -> expr
Rule 64    expr -> expr OR expr
Rule 65    expr -> expr AND expr
Rule 66    expr -> NOT expr
Rule 67    expr -> expr EQ expr
Rule 68    expr -> expr NE expr
Rule 69    expr -> expr LT expr
Rule 70    expr -> expr LE expr
Rule 71    expr -> expr GT expr
Rule 72    expr -> expr GE expr
Rule 73    expr -> expr PLUS expr
Rule 74    expr -> expr MINUS expr
Rule 75    expr -> expr TIMES expr
Rule 76    expr -> expr DIVIDE expr
Rule 77    expr -> MINUS expr
Rule 78    expr -> LPAREN expr RPAREN
Rule 79    expr -> ID LPAREN expr_list RPAREN
Rule 80    expr -> ID
Rule 81    expr -> INT_CONST
Rule 82    expr -> REAL_CONST
Rule 83    expr -> STRING
Rule 84    expr -> TRUE
Rule 85    expr -> FALSE
Rule 86    empty -> <empty>

Terminals, with rules where they appear

AND                  : 65
CALL                 : 59 60
CHARACTER            : 20 21 22
COMMA                : 12 23 46 47 47 53 54 55 62
CONTINUE             : 50 52
DIVIDE               : 76
DO                   : 46 47
ELSE                 : 44
END                  : 6 7 8 9
ENDIF                : 43 44
EQ                   : 67
EQUALS               : 41 42 46 47
FALSE                : 85
FUNCTION             : 7
GE                   : 72
GOTO                 : 51
GT                   : 71
ID                   : 6 7 8 9 12 13 25 26 27 27 41 42 46 47 57 58 59 60 79 80
IF                   : 43 44 45
INTEGER              : 17
INT_CONST            : 21 22 26 30 46 47 50 51 81
LE                   : 70
LOGICAL              : 19
LPAREN               : 7 8 21 26 27 42 43 44 45 58 60 78 79
LT                   : 69
MINUS                : 74 77
NE                   : 68
NOT                  : 66
OR                   : 64
PLUS                 : 73
PRINT                : 53
PROGRAM              : 6
READ                 : 54
REAL                 : 18
REAL_CONST           : 82
RETURN               : 61
RPAREN               : 7 8 21 26 27 42 43 44 45 58 60 78 79
STRING               : 83
SUBROUTINE           : 8 9
THEN                 : 43 44
TIMES                : 22 53 54 75
TRUE                 : 84
error                : 

Nonterminals, with rules where they appear

assign_stmt          : 32
call_stmt            : 39
continue_stmt        : 36
declaration          : 14
declarations         : 6 7 8 9 14
do_body              : 46 47 48
do_end               : 46 47
do_stmt              : 34
empty                : 11 15 29 49
expr                 : 41 42 42 43 44 45 46 46 47 47 47 58 62 63 64 64 65 65 66 67 67 68 68 69 69 70 70 71 71 72 72 73 73 74 74 75 75 76 76 77 78
expr_list            : 53 60 62 79
function_def         : 4
goto_stmt            : 35
id_decl              : 23 24
id_decl_list         : 16 23
if_stmt              : 33
labeled_stmt         : 28
main_program         : 3
param_list           : 10 12
param_list_opt       : 7 8
print_stmt           : 37
program_file         : 1 0
program_unit         : 1 2
read_item            : 55 56
read_list            : 54 55
read_stmt            : 38
return_stmt          : 40
statement            : 30 31 45 48
statements           : 6 7 8 9 28 43 44 44
subroutine_def       : 5
type                 : 7 16

Parsing method: LALR

state 0

    (0) S' -> . program_file
    (1) program_file -> . program_file program_unit
    (2) program_file -> . program_unit
    (3) program_unit -> . main_program
    (4) program_unit -> . function_def
    (5) program_unit -> . subroutine_def
    (6) main_program -> . PROGRAM ID declarations statements END
    (7) function_def -> . type FUNCTION ID LPAREN param_list_opt RPAREN declarations statements END
    (8) subroutine_def -> . SUBROUTINE ID LPAREN param_list_opt RPAREN declarations statements END
    (9) subroutine_def -> . SUBROUTINE ID declarations statements END
    (17) type -> . INTEGER
    (18) type -> . REAL
    (19) type -> . LOGICAL
    (20) type -> . CHARACTER
    (21) type -> . CHARACTER LPAREN INT_CONST RPAREN
    (22) type -> . CHARACTER TIMES INT_CONST

    PROGRAM         shift and go to state 6
    SUBROUTINE      shift and go to state 8
    INTEGER         shift and go to state 9
    REAL            shift and go to state 10
    LOGICAL         shift and go to state 11
    CHARACTER       shift and go to state 12

    program_file                   shift and go to state 1
    program_unit                   shift and go to state 2
    main_program                   shift and go to state 3
    function_def                   shift and go to state 4
    subroutine_def                 shift and go to state 5
    type                           shift and go to state 7

state 1

    (0) S' -> program_file .
    (1) program_file -> program_file . program_unit
    (3) program_unit -> . main_program
    (4) program_unit -> . function_def
    (5) program_unit -> . subroutine_def
    (6) main_program -> . PROGRAM ID declarations statements END
    (7) function_def -> . type FUNCTION ID LPAREN param_list_opt RPAREN declarations statements END
    (8) subroutine_def -> . SUBROUTINE ID LPAREN param_list_opt RPAREN declarations statements END
    (9) subroutine_def -> . SUBROUTINE ID declarations statements END
    (17) type -> . INTEGER
    (18) type -> . REAL
    (19) type -> . LOGICAL
    (20) type -> . CHARACTER
    (21) type -> . CHARACTER LPAREN INT_CONST RPAREN
    (22) type -> . CHARACTER TIMES INT_CONST

    PROGRAM         shift and go to state 6
    SUBROUTINE      shift and go to state 8
    INTEGER         shift and go to state 9
    REAL            shift and go to state 10
    LOGICAL         shift and go to state 11
    CHARACTER       shift and go to state 12

    program_unit                   shift and go to state 13
    main_program                   shift and go to state 3
    function_def                   shift and go to state 4
    subroutine_def                 shift and go to state 5
    type                           shift and go to state 7

state 2

    (2) program_file -> program_unit .

    PROGRAM         reduce using rule 2 (program_file -> program_unit .)
    SUBROUTINE      reduce using rule 2 (program_file -> program_unit .)
    INTEGER         reduce using rule 2 (program_file -> program_unit .)
    REAL            reduce using rule 2 (program_file -> program_unit .)
    LOGICAL         reduce using rule 2 (program_file -> program_unit .)
    CHARACTER       reduce using rule 2 (program_file -> program_unit .)
    $end            reduce using rule 2 (program_file -> program_unit .)


state 3

    (3) program_unit -> main_program .

    PROGRAM         reduce using rule 3 (program_unit -> main_program .)
    SUBROUTINE      reduce using rule 3 (program_unit -> main_program .)
    INTEGER         reduce using rule 3 (program_unit -> main_program .)
    REAL            reduce using rule 3 (program_unit -> main_program .)
    LOGICAL         reduce using rule 3 (program_unit -> main_program .)
    CHARACTER       reduce using rule 3 (program_unit -> main_program .)
    $end            reduce using rule 3 (program_unit -> main_program .)


state 4

    (4) program_unit -> function_def .

    PROGRAM         reduce using rule 4 (program_unit -> function_def .)
    SUBROUTINE      reduce using rule 4 (program_unit -> function_def .)
    INTEGER         reduce using rule 4 (program_unit -> function_def .)
    REAL            reduce using rule 4 (program_unit -> function_def .)
    LOGICAL         reduce using rule 4 (program_unit -> function_def .)
    CHARACTER       reduce using rule 4 (program_unit -> function_def .)
    $end            reduce using rule 4 (program_unit -> function_def .)


state 5

    (5) program_unit -> subroutine_def .

    PROGRAM         reduce using rule 5 (program_unit -> subroutine_def .)
    SUBROUTINE      reduce using rule 5 (program_unit -> subroutine_def .)
    INTEGER         reduce using rule 5 (program_unit -> subroutine_def .)
    REAL            reduce using rule 5 (program_unit -> subroutine_def .)
    LOGICAL         reduce using rule 5 (program_unit -> subroutine_def .)
    CHARACTER       reduce using rule 5 (program_unit -> subroutine_def .)
    $end            reduce using rule 5 (program_unit -> subroutine_def .)


state 6

    (6) main_program -> PROGRAM . ID declarations statements END

    ID              shift and go to state 14


state 7

    (7) function_def -> type . FUNCTION ID LPAREN param_list_opt RPAREN declarations statements END

    FUNCTION        shift and go to state 15


state 8

    (8) subroutine_def -> SUBROUTINE . ID LPAREN param_list_opt RPAREN declarations statements END
    (9) subroutine_def -> SUBROUTINE . ID declarations statements END

    ID              shift and go to state 16


state 9

    (17) type -> INTEGER .

    FUNCTION        reduce using rule 17 (type -> INTEGER .)
    ID              reduce using rule 17 (type -> INTEGER .)


state 10

    (18) type -> REAL .

    FUNCTION        reduce using rule 18 (type -> REAL .)
    ID              reduce using rule 18 (type -> REAL .)


state 11

    (19) type -> LOGICAL .

    FUNCTION        reduce using rule 19 (type -> LOGICAL .)
    ID              reduce using rule 19 (type -> LOGICAL .)


state 12

    (20) type -> CHARACTER .
    (21) type -> CHARACTER . LPAREN INT_CONST RPAREN
    (22) type -> CHARACTER . TIMES INT_CONST

    FUNCTION        reduce using rule 20 (type -> CHARACTER .)
    ID              reduce using rule 20 (type -> CHARACTER .)
    LPAREN          shift and go to state 17
    TIMES           shift and go to state 18


state 13

    (1) program_file -> program_file program_unit .

    PROGRAM         reduce using rule 1 (program_file -> program_file program_unit .)
    SUBROUTINE      reduce using rule 1 (program_file -> program_file program_unit .)
    INTEGER         reduce using rule 1 (program_file -> program_file program_unit .)
    REAL            reduce using rule 1 (program_file -> program_file program_unit .)
    LOGICAL         reduce using rule 1 (program_file -> program_file program_unit .)
    CHARACTER       reduce using rule 1 (program_file -> program_file program_unit .)
    $end            reduce using rule 1 (program_file -> program_file program_unit .)


state 14

    (6) main_program -> PROGRAM ID . declarations statements END
    (14) declarations -> . declarations declaration
    (15) declarations -> . empty
    (86) empty -> .

    INTEGER         reduce using rule 86 (empty -> .)
    REAL            reduce using rule 86 (empty -> .)
    LOGICAL         reduce using rule 86 (empty -> .)
    CHARACTER       reduce using rule 86 (empty -> .)
    END             reduce using rule 86 (empty -> .)
    INT_CONST       reduce using rule 86 (empty -> .)
    ID              reduce using rule 86 (empty -> .)
    IF              reduce using rule 86 (empty -> .)
    DO              reduce using rule 86 (empty -> .)
    GOTO            reduce using rule 86 (empty -> .)
    CONTINUE        reduce using rule 86 (empty -> .)
    PRINT           reduce using rule 86 (empty -> .)
    READ            reduce using rule 86 (empty -> .)
    CALL            reduce using rule 86 (empty -> .)
    RETURN          reduce using rule 86 (empty -> .)

    declarations                   shift and go to state 19
    empty                          shift and go to state 20

state 15

    (7) function_def -> type FUNCTION . ID LPAREN param_list_opt RPAREN declarations statements END

    ID              shift and go to state 21


state 16

    (8) subroutine_def -> SUBROUTINE ID . LPAREN param_list_opt RPAREN declarations statements END
    (9) subroutine_def -> SUBROUTINE ID . declarations statements END
    (14) declarations -> . declarations declaration
    (15) declarations -> . empty
    (86) empty -> .

    LPAREN          shift and go to state 22
    INTEGER         reduce using rule 86 (empty -> .)
    REAL            reduce using rule 86 (empty -> .)
    LOGICAL         reduce using rule 86 (empty -> .)
    CHARACTER       reduce using rule 86 (empty -> .)
    END             reduce using rule 86 (empty -> .)
    INT_CONST       reduce using rule 86 (empty -> .)
    ID              reduce using rule 86 (empty -> .)
    IF              reduce using rule 86 (empty -> .)
    DO              reduce using rule 86 (empty -> .)
    GOTO            reduce using rule 86 (empty -> .)
    CONTINUE        reduce using rule 86 (empty -> .)
    PRINT           reduce using rule 86 (empty -> .)
    READ            reduce using rule 86 (empty -> .)
    CALL            reduce using rule 86 (empty -> .)
    RETURN          reduce using rule 86 (empty -> .)

    declarations                   shift and go to state 23
    empty                          shift and go to state 20

state 17

    (21) type -> CHARACTER LPAREN . INT_CONST RPAREN

    INT_CONST       shift and go to state 24


state 18

    (22) type -> CHARACTER TIMES . INT_CONST

    INT_CONST       shift and go to state 25


state 19

    (6) main_program -> PROGRAM ID declarations . statements END
    (14) declarations -> declarations . declaration
    (28) statements -> . statements labeled_stmt
    (29) statements -> . empty
    (16) declaration -> . type id_decl_list
    (86) empty -> .
    (17) type -> . INTEGER
    (18) type -> . REAL
    (19) type -> . LOGICAL
    (20) type -> . CHARACTER
    (21) type -> . CHARACTER LPAREN INT_CONST RPAREN
    (22) type -> . CHARACTER TIMES INT_CONST

    END             reduce using rule 86 (empty -> .)
    INT_CONST       reduce using rule 86 (empty -> .)
    ID              reduce using rule 86 (empty -> .)
    IF              reduce using rule 86 (empty -> .)
    DO              reduce using rule 86 (empty -> .)
    GOTO            reduce using rule 86 (empty -> .)
    CONTINUE        reduce using rule 86 (empty -> .)
    PRINT           reduce using rule 86 (empty -> .)
    READ            reduce using rule 86 (empty -> .)
    CALL            reduce using rule 86 (empty -> .)
    RETURN          reduce using rule 86 (empty -> .)
    INTEGER         shift and go to state 9
    REAL            shift and go to state 10
    LOGICAL         shift and go to state 11
    CHARACTER       shift and go to state 12

    statements                     shift and go to state 26
    declaration                    shift and go to state 27
    empty                          shift and go to state 28
    type                           shift and go to state 29

state 20

    (15) declarations -> empty .

    INTEGER         reduce using rule 15 (declarations -> empty .)
    REAL            reduce using rule 15 (declarations -> empty .)
    LOGICAL         reduce using rule 15 (declarations -> empty .)
    CHARACTER       reduce using rule 15 (declarations -> empty .)
    END             reduce using rule 15 (declarations -> empty .)
    INT_CONST       reduce using rule 15 (declarations -> empty .)
    ID              reduce using rule 15 (declarations -> empty .)
    IF              reduce using rule 15 (declarations -> empty .)
    DO              reduce using rule 15 (declarations -> empty .)
    GOTO            reduce using rule 15 (declarations -> empty .)
    CONTINUE        reduce using rule 15 (declarations -> empty .)
    PRINT           reduce using rule 15 (declarations -> empty .)
    READ            reduce using rule 15 (declarations -> empty .)
    CALL            reduce using rule 15 (declarations -> empty .)
    RETURN          reduce using rule 15 (declarations -> empty .)


state 21

    (7) function_def -> type FUNCTION ID . LPAREN param_list_opt RPAREN declarations statements END

    LPAREN          shift and go to state 30


state 22

    (8) subroutine_def -> SUBROUTINE ID LPAREN . param_list_opt RPAREN declarations statements END
    (10) param_list_opt -> . param_list
    (11) param_list_opt -> . empty
    (12) param_list -> . param_list COMMA ID
    (13) param_list -> . ID
    (86) empty -> .

    ID              shift and go to state 31
    RPAREN          reduce using rule 86 (empty -> .)

    param_list_opt                 shift and go to state 32
    param_list                     shift and go to state 33
    empty                          shift and go to state 34

state 23

    (9) subroutine_def -> SUBROUTINE ID declarations . statements END
    (14) declarations -> declarations . declaration
    (28) statements -> . statements labeled_stmt
    (29) statements -> . empty
    (16) declaration -> . type id_decl_list
    (86) empty -> .
    (17) type -> . INTEGER
    (18) type -> . REAL
    (19) type -> . LOGICAL
    (20) type -> . CHARACTER
    (21) type -> . CHARACTER LPAREN INT_CONST RPAREN
    (22) type -> . CHARACTER TIMES INT_CONST

    END             reduce using rule 86 (empty -> .)
    INT_CONST       reduce using rule 86 (empty -> .)
    ID              reduce using rule 86 (empty -> .)
    IF              reduce using rule 86 (empty -> .)
    DO              reduce using rule 86 (empty -> .)
    GOTO            reduce using rule 86 (empty -> .)
    CONTINUE        reduce using rule 86 (empty -> .)
    PRINT           reduce using rule 86 (empty -> .)
    READ            reduce using rule 86 (empty -> .)
    CALL            reduce using rule 86 (empty -> .)
    RETURN          reduce using rule 86 (empty -> .)
    INTEGER         shift and go to state 9
    REAL            shift and go to state 10
    LOGICAL         shift and go to state 11
    CHARACTER       shift and go to state 12

    statements                     shift and go to state 35
    declaration                    shift and go to state 27
    empty                          shift and go to state 28
    type                           shift and go to state 29

state 24

    (21) type -> CHARACTER LPAREN INT_CONST . RPAREN

    RPAREN          shift and go to state 36


state 25

    (22) type -> CHARACTER TIMES INT_CONST .

    FUNCTION        reduce using rule 22 (type -> CHARACTER TIMES INT_CONST .)
    ID              reduce using rule 22 (type -> CHARACTER TIMES INT_CONST .)


state 26

    (6) main_program -> PROGRAM ID declarations statements . END
    (28) statements -> statements . labeled_stmt
    (30) labeled_stmt -> . INT_CONST statement
    (31) labeled_stmt -> . statement
    (32) statement -> . assign_stmt
    (33) statement -> . if_stmt
    (34) statement -> . do_stmt
    (35) statement -> . goto_stmt
    (36) statement -> . continue_stmt
    (37) statement -> . print_stmt
    (38) statement -> . read_stmt
    (39) statement -> . call_stmt
    (40) statement -> . return_stmt
    (41) assign_stmt -> . ID EQUALS expr
    (42) assign_stmt -> . ID LPAREN expr RPAREN EQUALS expr
    (43) if_stmt -> . IF LPAREN expr RPAREN THEN statements ENDIF
    (44) if_stmt -> . IF LPAREN expr RPAREN THEN statements ELSE statements ENDIF
    (45) if_stmt -> . IF LPAREN expr RPAREN statement
    (46) do_stmt -> . DO INT_CONST ID EQUALS expr COMMA expr do_body do_end
    (47) do_stmt -> . DO INT_CONST ID EQUALS expr COMMA expr COMMA expr do_body do_end
    (51) goto_stmt -> . GOTO INT_CONST
    (52) continue_stmt -> . CONTINUE
    (53) print_stmt -> . PRINT TIMES COMMA expr_list
    (54) read_stmt -> . READ TIMES COMMA read_list
    (59) call_stmt -> . CALL ID
    (60) call_stmt -> . CALL ID LPAREN expr_list RPAREN
    (61) return_stmt -> . RETURN

    END             shift and go to state 38
    INT_CONST       shift and go to state 40
    ID              shift and go to state 37
    IF              shift and go to state 51
    DO              shift and go to state 52
    GOTO            shift and go to state 53
    CONTINUE        shift and go to state 54
    PRINT           shift and go to state 55
    READ            shift and go to state 56
    CALL            shift and go to state 57
    RETURN          shift and go to state 58

    labeled_stmt                   shift and go to state 39
    statement                      shift and go to state 41
    assign_stmt                    shift and go to state 42
    if_stmt                        shift and go to state 43
    do_stmt                        shift and go to state 44
    goto_stmt                      shift and go to state 45
    continue_stmt                  shift and go to state 46
    print_stmt                     shift and go to state 47
    read_stmt                      shift and go to state 48
    call_stmt                      shift and go to state 49
    return_stmt                    shift and go to state 50

state 27

    (14) declarations -> declarations declaration .

    INTEGER         reduce using rule 14 (declarations -> declarations declaration .)
    REAL            reduce using rule 14 (declarations -> declarations declaration .)
    LOGICAL         reduce using rule 14 (declarations -> declarations declaration .)
    CHARACTER       reduce using rule 14 (declarations -> declarations declaration .)
    END             reduce using rule 14 (declarations -> declarations declaration .)
    INT_CONST       reduce using rule 14 (declarations -> declarations declaration .)
    ID              reduce using rule 14 (declarations -> declarations declaration .)
    IF              reduce using rule 14 (declarations -> declarations declaration .)
    DO              reduce using rule 14 (declarations -> declarations declaration .)
    GOTO            reduce using rule 14 (declarations -> declarations declaration .)
    CONTINUE        reduce using rule 14 (declarations -> declarations declaration .)
    PRINT           reduce using rule 14 (declarations -> declarations declaration .)
    READ            reduce using rule 14 (declarations -> declarations declaration .)
    CALL            reduce using rule 14 (declarations -> declarations declaration .)
    RETURN          reduce using rule 14 (declarations -> declarations declaration .)


state 28

    (29) statements -> empty .

    END             reduce using rule 29 (statements -> empty .)
    INT_CONST       reduce using rule 29 (statements -> empty .)
    ID              reduce using rule 29 (statements -> empty .)
    IF              reduce using rule 29 (statements -> empty .)
    DO              reduce using rule 29 (statements -> empty .)
    GOTO            reduce using rule 29 (statements -> empty .)
    CONTINUE        reduce using rule 29 (statements -> empty .)
    PRINT           reduce using rule 29 (statements -> empty .)
    READ            reduce using rule 29 (statements -> empty .)
    CALL            reduce using rule 29 (statements -> empty .)
    RETURN          reduce using rule 29 (statements -> empty .)
    ENDIF           reduce using rule 29 (statements -> empty .)
    ELSE            reduce using rule 29 (statements -> empty .)


state 29

    (16) declaration -> type . id_decl_list
    (23) id_decl_list -> . id_decl_list COMMA id_decl
    (24) id_decl_list -> . id_decl
    (25) id_decl -> . ID
    (26) id_decl -> . ID LPAREN INT_CONST RPAREN
    (27) id_decl -> . ID LPAREN ID RPAREN

    ID              shift and go to state 61

    id_decl_list                   shift and go to state 59
    id_decl                        shift and go to state 60

state 30

    (7) function_def -> type FUNCTION ID LPAREN . param_list_opt RPAREN declarations statements END
    (10) param_list_opt -> . param_list
    (11) param_list_opt -> . empty
    (12) param_list -> . param_list COMMA ID
    (13) param_list -> . ID
    (86) empty -> .

    ID              shift and go to state 31
    RPAREN          reduce using rule 86 (empty -> .)

    param_list_opt                 shift and go to state 62
    param_list                     shift and go to state 33
    empty                          shift and go to state 34

state 31

    (13) param_list -> ID .

    COMMA           reduce using rule 13 (param_list -> ID .)
    RPAREN          reduce using rule 13 (param_list -> ID .)


state 32

    (8) subroutine_def -> SUBROUTINE ID LPAREN param_list_opt . RPAREN declarations statements END

    RPAREN          shift and go to state 63


state 33

    (10) param_list_opt -> param_list .
    (12) param_list -> param_list . COMMA ID

    RPAREN          reduce using rule 10 (param_list_opt -> param_list .)
    COMMA           shift and go to state 64


state 34

    (11) param_list_opt -> empty .

    RPAREN          reduce using rule 11 (param_list_opt -> empty .)


state 35

    (9) subroutine_def -> SUBROUTINE ID declarations statements . END
    (28) statements -> statements . labeled_stmt
    (30) labeled_stmt -> . INT_CONST statement
    (31) labeled_stmt -> . statement
    (32) statement -> . assign_stmt
    (33) statement -> . if_stmt
    (34) statement -> . do_stmt
    (35) statement -> . goto_stmt
    (36) statement -> . continue_stmt
    (37) statement -> . print_stmt
    (38) statement -> . read_stmt
    (39) statement -> . call_stmt
    (40) statement -> . return_stmt
    (41) assign_stmt -> . ID EQUALS expr
    (42) assign_stmt -> . ID LPAREN expr RPAREN EQUALS expr
    (43) if_stmt -> . IF LPAREN expr RPAREN THEN statements ENDIF
    (44) if_stmt -> . IF LPAREN expr RPAREN THEN statements ELSE statements ENDIF
    (45) if_stmt -> . IF LPAREN expr RPAREN statement
    (46) do_stmt -> . DO INT_CONST ID EQUALS expr COMMA expr do_body do_end
    (47) do_stmt -> . DO INT_CONST ID EQUALS expr COMMA expr COMMA expr do_body do_end
    (51) goto_stmt -> . GOTO INT_CONST
    (52) continue_stmt -> . CONTINUE
    (53) print_stmt -> . PRINT TIMES COMMA expr_list
    (54) read_stmt -> . READ TIMES COMMA read_list
    (59) call_stmt -> . CALL ID
    (60) call_stmt -> . CALL ID LPAREN expr_list RPAREN
    (61) return_stmt -> . RETURN

    END             shift and go to state 65
    INT_CONST       shift and go to state 40
    ID              shift and go to state 37
    IF              shift and go to state 51
    DO              shift and go to state 52
    GOTO            shift and go to state 53
    CONTINUE        shift and go to state 54
    PRINT           shift and go to state 55
    READ            shift and go to state 56
    CALL            shift and go to state 57
    RETURN          shift and go to state 58

    labeled_stmt                   shift and go to state 39
    statement                      shift and go to state 41
    assign_stmt                    shift and go to state 42
    if_stmt                        shift and go to state 43
    do_stmt                        shift and go to state 44
    goto_stmt                      shift and go to state 45
    continue_stmt                  shift and go to state 46
    print_stmt                     shift and go to state 47
    read_stmt                      shift and go to state 48
    call_stmt                      shift and go to state 49
    return_stmt                    shift and go to state 50

state 36

    (21) type -> CHARACTER LPAREN INT_CONST RPAREN .

    FUNCTION        reduce using rule 21 (type -> CHARACTER LPAREN INT_CONST RPAREN .)
    ID              reduce using rule 21 (type -> CHARACTER LPAREN INT_CONST RPAREN .)


state 37

    (41) assign_stmt -> ID . EQUALS expr
    (42) assign_stmt -> ID . LPAREN expr RPAREN EQUALS expr

    EQUALS          shift and go to state 66
    LPAREN          shift and go to state 67


state 38

    (6) main_program -> PROGRAM ID declarations statements END .

    PROGRAM         reduce using rule 6 (main_program -> PROGRAM ID declarations statements END .)
    SUBROUTINE      reduce using rule 6 (main_program -> PROGRAM ID declarations statements END .)
    INTEGER         reduce using rule 6 (main_program -> PROGRAM ID declarations statements END .)
    REAL            reduce using rule 6 (main_program -> PROGRAM ID declarations statements END .)
    LOGICAL         reduce using rule 6 (main_program -> PROGRAM ID declarations statements END .)
    CHARACTER       reduce using rule 6 (main_program -> PROGRAM ID declarations statements END .)
    $end            reduce using rule 6 (main_program -> PROGRAM ID declarations statements END .)


state 39

    (28) statements -> statements labeled_stmt .

    END             reduce using rule 28 (statements -> statements labeled_stmt .)
    INT_CONST       reduce using rule 28 (statements -> statements labeled_stmt .)
    ID              reduce using rule 28 (statements -> statements labeled_stmt .)
    IF              reduce using rule 28 (statements -> statements labeled_stmt .)
    DO              reduce using rule 28 (statements -> statements labeled_stmt .)
    GOTO            reduce using rule 28 (statements -> statements labeled_stmt .)
    CONTINUE        reduce using rule 28 (statements -> statements labeled_stmt .)
    PRINT           reduce using rule 28 (statements -> statements labeled_stmt .)
    READ            reduce using rule 28 (statements -> statements labeled_stmt .)
    CALL            reduce using rule 28 (statements -> statements labeled_stmt .)
    RETURN          reduce using rule 28 (statements -> statements labeled_stmt .)
    ENDIF           reduce using rule 28 (statements -> statements labeled_stmt .)
    ELSE            reduce using rule 28 (statements -> statements labeled_stmt .)


state 40

    (30) labeled_stmt -> INT_CONST . statement
    (32) statement -> . assign_stmt
    (33) statement -> . if_stmt
    (34) statement -> . do_stmt
    (35) statement -> . goto_stmt
    (36) statement -> . continue_stmt
    (37) statement -> . print_stmt
    (38) statement -> . read_stmt
    (39) statement -> . call_stmt
    (40) statement -> . return_stmt
    (41) assign_stmt -> . ID EQUALS expr
    (42) assign_stmt -> . ID LPAREN expr RPAREN EQUALS expr
    (43) if_stmt -> . IF LPAREN expr RPAREN THEN statements ENDIF
    (44) if_stmt -> . IF LPAREN expr RPAREN THEN statements ELSE statements ENDIF
    (45) if_stmt -> . IF LPAREN expr RPAREN statement
    (46) do_stmt -> . DO INT_CONST ID EQUALS expr COMMA expr do_body do_end
    (47) do_stmt -> . DO INT_CONST ID EQUALS expr COMMA expr COMMA expr do_body do_end
    (51) goto_stmt -> . GOTO INT_CONST
    (52) continue_stmt -> . CONTINUE
    (53) print_stmt -> . PRINT TIMES COMMA expr_list
    (54) read_stmt -> . READ TIMES COMMA read_list
    (59) call_stmt -> . CALL ID
    (60) call_stmt -> . CALL ID LPAREN expr_list RPAREN
    (61) return_stmt -> . RETURN

    ID              shift and go to state 37
    IF              shift and go to state 51
    DO              shift and go to state 52
    GOTO            shift and go to state 53
    CONTINUE        shift and go to state 54
    PRINT           shift and go to state 55
    READ            shift and go to state 56
    CALL            shift and go to state 57
    RETURN          shift and go to state 58

    statement                      shift and go to state 68
    assign_stmt                    shift and go to state 42
    if_stmt                        shift and go to state 43
    do_stmt                        shift and go to state 44
    goto_stmt                      shift and go to state 45
    continue_stmt                  shift and go to state 46
    print_stmt                     shift and go to state 47
    read_stmt                      shift and go to state 48
    call_stmt                      shift and go to state 49
    return_stmt                    shift and go to state 50

state 41

    (31) labeled_stmt -> statement .

    END             reduce using rule 31 (labeled_stmt -> statement .)
    INT_CONST       reduce using rule 31 (labeled_stmt -> statement .)
    ID              reduce using rule 31 (labeled_stmt -> statement .)
    IF              reduce using rule 31 (labeled_stmt -> statement .)
    DO              reduce using rule 31 (labeled_stmt -> statement .)
    GOTO            reduce using rule 31 (labeled_stmt -> statement .)
    CONTINUE        reduce using rule 31 (labeled_stmt -> statement .)
    PRINT           reduce using rule 31 (labeled_stmt -> statement .)
    READ            reduce using rule 31 (labeled_stmt -> statement .)
    CALL            reduce using rule 31 (labeled_stmt -> statement .)
    RETURN          reduce using rule 31 (labeled_stmt -> statement .)
    ENDIF           reduce using rule 31 (labeled_stmt -> statement .)
    ELSE            reduce using rule 31 (labeled_stmt -> statement .)


state 42

    (32) statement -> assign_stmt .

    END             reduce using rule 32 (statement -> assign_stmt .)
    INT_CONST       reduce using rule 32 (statement -> assign_stmt .)
    ID              reduce using rule 32 (statement -> assign_stmt .)
    IF              reduce using rule 32 (statement -> assign_stmt .)
    DO              reduce using rule 32 (statement -> assign_stmt .)
    GOTO            reduce using rule 32 (statement -> assign_stmt .)
    CONTINUE        reduce using rule 32 (statement -> assign_stmt .)
    PRINT           reduce using rule 32 (statement -> assign_stmt .)
    READ            reduce using rule 32 (statement -> assign_stmt .)
    CALL            reduce using rule 32 (statement -> assign_stmt .)
    RETURN          reduce using rule 32 (statement -> assign_stmt .)
    ENDIF           reduce using rule 32 (statement -> assign_stmt .)
    ELSE            reduce using rule 32 (statement -> assign_stmt .)


state 43

    (33) statement -> if_stmt .

    END             reduce using rule 33 (statement -> if_stmt .)
    INT_CONST       reduce using rule 33 (statement -> if_stmt .)
    ID              reduce using rule 33 (statement -> if_stmt .)
    IF              reduce using rule 33 (statement -> if_stmt .)
    DO              reduce using rule 33 (statement -> if_stmt .)
    GOTO            reduce using rule 33 (statement -> if_stmt .)
    CONTINUE        reduce using rule 33 (statement -> if_stmt .)
    PRINT           reduce using rule 33 (statement -> if_stmt .)
    READ            reduce using rule 33 (statement -> if_stmt .)
    CALL            reduce using rule 33 (statement -> if_stmt .)
    RETURN          reduce using rule 33 (statement -> if_stmt .)
    ENDIF           reduce using rule 33 (statement -> if_stmt .)
    ELSE            reduce using rule 33 (statement -> if_stmt .)


state 44

    (34) statement -> do_stmt .

    END             reduce using rule 34 (statement -> do_stmt .)
    INT_CONST       reduce using rule 34 (statement -> do_stmt .)
    ID              reduce using rule 34 (statement -> do_stmt .)
    IF              reduce using rule 34 (statement -> do_stmt .)
    DO              reduce using rule 34 (statement -> do_stmt .)
    GOTO            reduce using rule 34 (statement -> do_stmt .)
    CONTINUE        reduce using rule 34 (statement -> do_stmt .)
    PRINT           reduce using rule 34 (statement -> do_stmt .)
    READ            reduce using rule 34 (statement -> do_stmt .)
    CALL            reduce using rule 34 (statement -> do_stmt .)
    RETURN          reduce using rule 34 (statement -> do_stmt .)
    ENDIF           reduce using rule 34 (statement -> do_stmt .)
    ELSE            reduce using rule 34 (statement -> do_stmt .)


state 45

    (35) statement -> goto_stmt .

    END             reduce using rule 35 (statement -> goto_stmt .)
    INT_CONST       reduce using rule 35 (statement -> goto_stmt .)
    ID              reduce using rule 35 (statement -> goto_stmt .)
    IF              reduce using rule 35 (statement -> goto_stmt .)
    DO              reduce using rule 35 (statement -> goto_stmt .)
    GOTO            reduce using rule 35 (statement -> goto_stmt .)
    CONTINUE        reduce using rule 35 (statement -> goto_stmt .)
    PRINT           reduce using rule 35 (statement -> goto_stmt .)
    READ            reduce using rule 35 (statement -> goto_stmt .)
    CALL            reduce using rule 35 (statement -> goto_stmt .)
    RETURN          reduce using rule 35 (statement -> goto_stmt .)
    ENDIF           reduce using rule 35 (statement -> goto_stmt .)
    ELSE            reduce using rule 35 (statement -> goto_stmt .)


state 46

    (36) statement -> continue_stmt .

    END             reduce using rule 36 (statement -> continue_stmt .)
    INT_CONST       reduce using rule 36 (statement -> continue_stmt .)
    ID              reduce using rule 36 (statement -> continue_stmt .)
    IF              reduce using rule 36 (statement -> continue_stmt .)
    DO              reduce using rule 36 (statement -> continue_stmt .)
    GOTO            reduce using rule 36 (statement -> continue_stmt .)
    CONTINUE        reduce using rule 36 (statement -> continue_stmt .)
    PRINT           reduce using rule 36 (statement -> continue_stmt .)
    READ            reduce using rule 36 (statement -> continue_stmt .)
    CALL            reduce using rule 36 (statement -> continue_stmt .)
    RETURN          reduce using rule 36 (statement -> continue_stmt .)
    ENDIF           reduce using rule 36 (statement -> continue_stmt .)
    ELSE            reduce using rule 36 (statement -> continue_stmt .)


state 47

    (37) statement -> print_stmt .

    END             reduce using rule 37 (statement -> print_stmt .)
    INT_CONST       reduce using rule 37 (statement -> print_stmt .)
    ID              reduce using rule 37 (statement -> print_stmt .)
    IF              reduce using rule 37 (statement -> print_stmt .)
    DO              reduce using rule 37 (statement -> print_stmt .)
    GOTO            reduce using rule 37 (statement -> print_stmt .)
    CONTINUE        reduce using rule 37 (statement -> print_stmt .)
    PRINT           reduce using rule 37 (statement -> print_stmt .)
    READ            reduce using rule 37 (statement -> print_stmt .)
    CALL            reduce using rule 37 (statement -> print_stmt .)
    RETURN          reduce using rule 37 (statement -> print_stmt .)
    ENDIF           reduce using rule 37 (statement -> print_stmt .)
    ELSE            reduce using rule 37 (statement -> print_stmt .)


state 48

    (38) statement -> read_stmt .

    END             reduce using rule 38 (statement -> read_stmt .)
    INT_CONST       reduce using rule 38 (statement -> read_stmt .)
    ID              reduce using rule 38 (statement -> read_stmt .)
    IF              reduce using rule 38 (statement -> read_stmt .)
    DO              reduce using rule 38 (statement -> read_stmt .)
    GOTO            reduce using rule 38 (statement -> read_stmt .)
    CONTINUE        reduce using rule 38 (statement -> read_stmt .)
    PRINT           reduce using rule 38 (statement -> read_stmt .)
    READ            reduce using rule 38 (statement -> read_stmt .)
    CALL            reduce using rule 38 (statement -> read_stmt .)
    RETURN          reduce using rule 38 (statement -> read_stmt .)
    ENDIF           reduce using rule 38 (statement -> read_stmt .)
    ELSE            reduce using rule 38 (statement -> read_stmt .)


state 49

    (39) statement -> call_stmt .

    END             reduce using rule 39 (statement -> call_stmt .)
    INT_CONST       reduce using rule 39 (statement -> call_stmt .)
    ID              reduce using rule 39 (statement -> call_stmt .)
    IF              reduce using rule 39 (statement -> call_stmt .)
    DO              reduce using rule 39 (statement -> call_stmt .)
    GOTO            reduce using rule 39 (statement -> call_stmt .)
    CONTINUE        reduce using rule 39 (statement -> call_stmt .)
    PRINT           reduce using rule 39 (statement -> call_stmt .)
    READ            reduce using rule 39 (statement -> call_stmt .)
    CALL            reduce using rule 39 (statement -> call_stmt .)
    RETURN          reduce using rule 39 (statement -> call_stmt .)
    ENDIF           reduce using rule 39 (statement -> call_stmt .)
    ELSE            reduce using rule 39 (statement -> call_stmt .)


state 50

    (40) statement -> return_stmt .

    END             reduce using rule 40 (statement -> return_stmt .)
    INT_CONST       reduce using rule 40 (statement -> return_stmt .)
    ID              reduce using rule 40 (statement -> return_stmt .)
    IF              reduce using rule 40 (statement -> return_stmt .)
    DO              reduce using rule 40 (statement -> return_stmt .)
    GOTO            reduce using rule 40 (statement -> return_stmt .)
    CONTINUE        reduce using rule 40 (statement -> return_stmt .)
    PRINT           reduce using rule 40 (statement -> return_stmt .)
    READ            reduce using rule 40 (statement -> return_stmt .)
    CALL            reduce using rule 40 (statement -> return_stmt .)
    RETURN          reduce using rule 40 (statement -> return_stmt .)
    ENDIF           reduce using rule 40 (statement -> return_stmt .)
    ELSE            reduce using rule 40 (statement -> return_stmt .)


state 51

    (43) if_stmt -> IF . LPAREN expr RPAREN THEN statements ENDIF
    (44) if_stmt -> IF . LPAREN expr RPAREN THEN statements ELSE statements ENDIF
    (45) if_stmt -> IF . LPAREN expr RPAREN statement

    LPAREN          shift and go to state 69


state 52

    (46) do_stmt -> DO . INT_CONST ID EQUALS expr COMMA expr do_body do_end
    (47) do_stmt -> DO . INT_CONST ID EQUALS expr COMMA expr COMMA expr do_body do_end

    INT_CONST       shift and go to state 70


state 53

    (51) goto_stmt -> GOTO . INT_CONST

    INT_CONST       shift and go to state 71


state 54

    (52) continue_stmt -> CONTINUE .

    END             reduce using rule 52 (continue_stmt -> CONTINUE .)
    INT_CONST       reduce using rule 52 (continue_stmt -> CONTINUE .)
    ID              reduce using rule 52 (continue_stmt -> CONTINUE .)
    IF              reduce using rule 52 (continue_stmt -> CONTINUE .)
    DO              reduce using rule 52 (continue_stmt -> CONTINUE .)
    GOTO            reduce using rule 52 (continue_stmt -> CONTINUE .)
    CONTINUE        reduce using rule 52 (continue_stmt -> CONTINUE .)
    PRINT           reduce using rule 52 (continue_stmt -> CONTINUE .)
    READ            reduce using rule 52 (continue_stmt -> CONTINUE .)
    CALL            reduce using rule 52 (continue_stmt -> CONTINUE .)
    RETURN          reduce using rule 52 (continue_stmt -> CONTINUE .)
    ENDIF           reduce using rule 52 (continue_stmt -> CONTINUE .)
    ELSE            reduce using rule 52 (continue_stmt -> CONTINUE .)


state 55

    (53) print_stmt -> PRINT . TIMES COMMA expr_list

    TIMES           shift and go to state 72


state 56

    (54) read_stmt -> READ . TIMES COMMA read_list

    TIMES           shift and go to state 73


state 57

    (59) call_stmt -> CALL . ID
    (60) call_stmt -> CALL . ID LPAREN expr_list RPAREN

    ID              shift and go to state 74


state 58

    (61) return_stmt -> RETURN .

    END             reduce using rule 61 (return_stmt -> RETURN .)
    INT_CONST       reduce using rule 61 (return_stmt -> RETURN .)
    ID              reduce using rule 61 (return_stmt -> RETURN .)
    IF              reduce using rule 61 (return_stmt -> RETURN .)
    DO              reduce using rule 61 (return_stmt -> RETURN .)
    GOTO            reduce using rule 61 (return_stmt -> RETURN .)
    CONTINUE        reduce using rule 61 (return_stmt -> RETURN .)
    PRINT           reduce using rule 61 (return_stmt -> RETURN .)
    READ            reduce using rule 61 (return_stmt -> RETURN .)
    CALL            reduce using rule 61 (return_stmt -> RETURN .)
    RETURN          reduce using rule 61 (return_stmt -> RETURN .)
    ENDIF           reduce using rule 61 (return_stmt -> RETURN .)
    ELSE            reduce using rule 61 (return_stmt -> RETURN .)


state 59

    (16) declaration -> type id_decl_list .
    (23) id_decl_list -> id_decl_list . COMMA id_decl

    INTEGER         reduce using rule 16 (declaration -> type id_decl_list .)
    REAL            reduce using rule 16 (declaration -> type id_decl_list .)
    LOGICAL         reduce using rule 16 (declaration -> type id_decl_list .)
    CHARACTER       reduce using rule 16 (declaration -> type id_decl_list .)
    END             reduce using rule 16 (declaration -> type id_decl_list .)
    INT_CONST       reduce using rule 16 (declaration -> type id_decl_list .)
    ID              reduce using rule 16 (declaration -> type id_decl_list .)
    IF              reduce using rule 16 (declaration -> type id_decl_list .)
    DO              reduce using rule 16 (declaration -> type id_decl_list .)
    GOTO            reduce using rule 16 (declaration -> type id_decl_list .)
    CONTINUE        reduce using rule 16 (declaration -> type id_decl_list .)
    PRINT           reduce using rule 16 (declaration -> type id_decl_list .)
    READ            reduce using rule 16 (declaration -> type id_decl_list .)
    CALL            reduce using rule 16 (declaration -> type id_decl_list .)
    RETURN          reduce using rule 16 (declaration -> type id_decl_list .)
    COMMA           shift and go to state 75


state 60

    (24) id_decl_list -> id_decl .

    COMMA           reduce using rule 24 (id_decl_list -> id_decl .)
    INTEGER         reduce using rule 24 (id_decl_list -> id_decl .)
    REAL            reduce using rule 24 (id_decl_list -> id_decl .)
    LOGICAL         reduce using rule 24 (id_decl_list -> id_decl .)
    CHARACTER       reduce using rule 24 (id_decl_list -> id_decl .)
    END             reduce using rule 24 (id_decl_list -> id_decl .)
    INT_CONST       reduce using rule 24 (id_decl_list -> id_decl .)
    ID              reduce using rule 24 (id_decl_list -> id_decl .)
    IF              reduce using rule 24 (id_decl_list -> id_decl .)
    DO              reduce using rule 24 (id_decl_list -> id_decl .)
    GOTO            reduce using rule 24 (id_decl_list -> id_decl .)
    CONTINUE        reduce using rule 24 (id_decl_list -> id_decl .)
    PRINT           reduce using rule 24 (id_decl_list -> id_decl .)
    READ            reduce using rule 24 (id_decl_list -> id_decl .)
    CALL            reduce using rule 24 (id_decl_list -> id_decl .)
    RETURN          reduce using rule 24 (id_decl_list -> id_decl .)


state 61

    (25) id_decl -> ID .
    (26) id_decl -> ID . LPAREN INT_CONST RPAREN
    (27) id_decl -> ID . LPAREN ID RPAREN

    COMMA           reduce using rule 25 (id_decl -> ID .)
    INTEGER         reduce using rule 25 (id_decl -> ID .)
    REAL            reduce using rule 25 (id_decl -> ID .)
    LOGICAL         reduce using rule 25 (id_decl -> ID .)
    CHARACTER       reduce using rule 25 (id_decl -> ID .)
    END             reduce using rule 25 (id_decl -> ID .)
    INT_CONST       reduce using rule 25 (id_decl -> ID .)
    ID              reduce using rule 25 (id_decl -> ID .)
    IF              reduce using rule 25 (id_decl -> ID .)
    DO              reduce using rule 25 (id_decl -> ID .)
    GOTO            reduce using rule 25 (id_decl -> ID .)
    CONTINUE        reduce using rule 25 (id_decl -> ID .)
    PRINT           reduce using rule 25 (id_decl -> ID .)
    READ            reduce using rule 25 (id_decl -> ID .)
    CALL            reduce using rule 25 (id_decl -> ID .)
    RETURN          reduce using rule 25 (id_decl -> ID .)
    LPAREN          shift and go to state 76


state 62

    (7) function_def -> type FUNCTION ID LPAREN param_list_opt . RPAREN declarations statements END

    RPAREN          shift and go to state 77


state 63

    (8) subroutine_def -> SUBROUTINE ID LPAREN param_list_opt RPAREN . declarations statements END
    (14) declarations -> . declarations declaration
    (15) declarations -> . empty
    (86) empty -> .

    INTEGER         reduce using rule 86 (empty -> .)
    REAL            reduce using rule 86 (empty -> .)
    LOGICAL         reduce using rule 86 (empty -> .)
    CHARACTER       reduce using rule 86 (empty -> .)
    END             reduce using rule 86 (empty -> .)
    INT_CONST       reduce using rule 86 (empty -> .)
    ID              reduce using rule 86 (empty -> .)
    IF              reduce using rule 86 (empty -> .)
    DO              reduce using rule 86 (empty -> .)
    GOTO            reduce using rule 86 (empty -> .)
    CONTINUE        reduce using rule 86 (empty -> .)
    PRINT           reduce using rule 86 (empty -> .)
    READ            reduce using rule 86 (empty -> .)
    CALL            reduce using rule 86 (empty -> .)
    RETURN          reduce using rule 86 (empty -> .)

    declarations                   shift and go to state 78
    empty                          shift and go to state 20

state 64

    (12) param_list -> param_list COMMA . ID

    ID              shift and go to state 79


state 65

    (9) subroutine_def -> SUBROUTINE ID declarations statements END .

    PROGRAM         reduce using rule 9 (subroutine_def -> SUBROUTINE ID declarations statements END .)
    SUBROUTINE      reduce using rule 9 (subroutine_def -> SUBROUTINE ID declarations statements END .)
    INTEGER         reduce using rule 9 (subroutine_def -> SUBROUTINE ID declarations statements END .)
    REAL            reduce using rule 9 (subroutine_def -> SUBROUTINE ID declarations statements END .)
    LOGICAL         reduce using rule 9 (subroutine_def -> SUBROUTINE ID declarations statements END .)
    CHARACTER       reduce using rule 9 (subroutine_def -> SUBROUTINE ID declarations statements END .)
    $end            reduce using rule 9 (subroutine_def -> SUBROUTINE ID declarations statements END .)


state 66

    (41) assign_stmt -> ID EQUALS . expr
    (64) expr -> . expr OR expr
    (65) expr -> . expr AND expr
    (66) expr -> . NOT expr
    (67) expr -> . expr EQ expr
    (68) expr -> . expr NE expr
    (69) expr -> . expr LT expr
    (70) expr -> . expr LE expr
    (71) expr -> . expr GT expr
    (72) expr -> . expr GE expr
    (73) expr -> . expr PLUS expr
    (74) expr -> . expr MINUS expr
    (75) expr -> . expr TIMES expr
    (76) expr -> . expr DIVIDE expr
    (77) expr -> . MINUS expr
    (78) expr -> . LPAREN expr RPAREN
    (79) expr -> . ID LPAREN expr_list RPAREN
    (80) expr -> . ID
    (81) expr -> . INT_CONST
    (82) expr -> . REAL_CONST
    (83) expr -> . STRING
    (84) expr -> . TRUE
    (85) expr -> . FALSE

    NOT             shift and go to state 82
    MINUS           shift and go to state 83
    LPAREN          shift and go to state 84
    ID              shift and go to state 80
    INT_CONST       shift and go to state 85
    REAL_CONST      shift and go to state 86
    STRING          shift and go to state 87
    TRUE            shift and go to state 88
    FALSE           shift and go to state 89

    expr                           shift and go to state 81

state 67

    (42) assign_stmt -> ID LPAREN . expr RPAREN EQUALS expr
    (64) expr -> . expr OR expr
    (65) expr -> . expr AND expr
    (66) expr -> . NOT expr
    (67) expr -> . expr EQ expr
    (68) expr -> . expr NE expr
    (69) expr -> . expr LT expr
    (70) expr -> . expr LE expr
    (71) expr -> . expr GT expr
    (72) expr -> . expr GE expr
    (73) expr -> . expr PLUS expr
    (74) expr -> . expr MINUS expr
    (75) expr -> . expr TIMES expr
    (76) expr -> . expr DIVIDE expr
    (77) expr -> . MINUS expr
    (78) expr -> . LPAREN expr RPAREN
    (79) expr -> . ID LPAREN expr_list RPAREN
    (80) expr -> . ID
    (81) expr -> . INT_CONST
    (82) expr -> . REAL_CONST
    (83) expr -> . STRING
    (84) expr -> . TRUE
    (85) expr -> . FALSE

    NOT             shift and go to state 82
    MINUS           shift and go to state 83
    LPAREN          shift and go to state 84
    ID              shift and go to state 80
    INT_CONST       shift and go to state 85
    REAL_CONST      shift and go to state 86
    STRING          shift and go to state 87
    TRUE            shift and go to state 88
    FALSE           shift and go to state 89

    expr                           shift and go to state 90

state 68

    (30) labeled_stmt -> INT_CONST statement .

    END             reduce using rule 30 (labeled_stmt -> INT_CONST statement .)
    INT_CONST       reduce using rule 30 (labeled_stmt -> INT_CONST statement .)
    ID              reduce using rule 30 (labeled_stmt -> INT_CONST statement .)
    IF              reduce using rule 30 (labeled_stmt -> INT_CONST statement .)
    DO              reduce using rule 30 (labeled_stmt -> INT_CONST statement .)
    GOTO            reduce using rule 30 (labeled_stmt -> INT_CONST statement .)
    CONTINUE        reduce using rule 30 (labeled_stmt -> INT_CONST statement .)
    PRINT           reduce using rule 30 (labeled_stmt -> INT_CONST statement .)
    READ            reduce using rule 30 (labeled_stmt -> INT_CONST statement .)
    CALL            reduce using rule 30 (labeled_stmt -> INT_CONST statement .)
    RETURN          reduce using rule 30 (labeled_stmt -> INT_CONST statement .)
    ENDIF           reduce using rule 30 (labeled_stmt -> INT_CONST statement .)
    ELSE            reduce using rule 30 (labeled_stmt -> INT_CONST statement .)


state 69

    (43) if_stmt -> IF LPAREN . expr RPAREN THEN statements ENDIF
    (44) if_stmt -> IF LPAREN . expr RPAREN THEN statements ELSE statements ENDIF
    (45) if_stmt -> IF LPAREN . expr RPAREN statement
    (64) expr -> . expr OR expr
    (65) expr -> . expr AND expr
    (66) expr -> . NOT expr
    (67) expr -> . expr EQ expr
    (68) expr -> . expr NE expr
    (69) expr -> . expr LT expr
    (70) expr -> . expr LE expr
    (71) expr -> . expr GT expr
    (72) expr -> . expr GE expr
    (73) expr -> . expr PLUS expr
    (74) expr -> . expr MINUS expr
    (75) expr -> . expr TIMES expr
    (76) expr -> . expr DIVIDE expr
    (77) expr -> . MINUS expr
    (78) expr -> . LPAREN expr RPAREN
    (79) expr -> . ID LPAREN expr_list RPAREN
    (80) expr -> . ID
    (81) expr -> . INT_CONST
    (82) expr -> . REAL_CONST
    (83) expr -> . STRING
    (84) expr -> . TRUE
    (85) expr -> . FALSE

    NOT             shift and go to state 82
    MINUS           shift and go to state 83
    LPAREN          shift and go to state 84
    ID              shift and go to state 80
    INT_CONST       shift and go to state 85
    REAL_CONST      shift and go to state 86
    STRING          shift and go to state 87
    TRUE            shift and go to state 88
    FALSE           shift and go to state 89

    expr                           shift and go to state 91

state 70

    (46) do_stmt -> DO INT_CONST . ID EQUALS expr COMMA expr do_body do_end
    (47) do_stmt -> DO INT_CONST . ID EQUALS expr COMMA expr COMMA expr do_body do_end

    ID              shift and go to state 92


state 71

    (51) goto_stmt -> GOTO INT_CONST .

    END             reduce using rule 51 (goto_stmt -> GOTO INT_CONST .)
    INT_CONST       reduce using rule 51 (goto_stmt -> GOTO INT_CONST .)
    ID              reduce using rule 51 (goto_stmt -> GOTO INT_CONST .)
    IF              reduce using rule 51 (goto_stmt -> GOTO INT_CONST .)
    DO              reduce using rule 51 (goto_stmt -> GOTO INT_CONST .)
    GOTO            reduce using rule 51 (goto_stmt -> GOTO INT_CONST .)
    CONTINUE        reduce using rule 51 (goto_stmt -> GOTO INT_CONST .)
    PRINT           reduce using rule 51 (goto_stmt -> GOTO INT_CONST .)
    READ            reduce using rule 51 (goto_stmt -> GOTO INT_CONST .)
    CALL            reduce using rule 51 (goto_stmt -> GOTO INT_CONST .)
    RETURN          reduce using rule 51 (goto_stmt -> GOTO INT_CONST .)
    ENDIF           reduce using rule 51 (goto_stmt -> GOTO INT_CONST .)
    ELSE            reduce using rule 51 (goto_stmt -> GOTO INT_CONST .)


state 72

    (53) print_stmt -> PRINT TIMES . COMMA expr_list

    COMMA           shift and go to state 93


state 73

    (54) read_stmt -> READ TIMES . COMMA read_list

    COMMA           shift and go to state 94


state 74

    (59) call_stmt -> CALL ID .
    (60) call_stmt -> CALL ID . LPAREN expr_list RPAREN

    END             reduce using rule 59 (call_stmt -> CALL ID .)
    INT_CONST       reduce using rule 59 (call_stmt -> CALL ID .)
    ID              reduce using rule 59 (call_stmt -> CALL ID .)
    IF              reduce using rule 59 (call_stmt -> CALL ID .)
    DO              reduce using rule 59 (call_stmt -> CALL ID .)
    GOTO            reduce using rule 59 (call_stmt -> CALL ID .)
    CONTINUE        reduce using rule 59 (call_stmt -> CALL ID .)
    PRINT           reduce using rule 59 (call_stmt -> CALL ID .)
    READ            reduce using rule 59 (call_stmt -> CALL ID .)
    CALL            reduce using rule 59 (call_stmt -> CALL ID .)
    RETURN          reduce using rule 59 (call_stmt -> CALL ID .)
    ENDIF           reduce using rule 59 (call_stmt -> CALL ID .)
    ELSE            reduce using rule 59 (call_stmt -> CALL ID .)
    LPAREN          shift and go to state 95


state 75

    (23) id_decl_list -> id_decl_list COMMA . id_decl
    (25) id_decl -> . ID
    (26) id_decl -> . ID LPAREN INT_CONST RPAREN
    (27) id_decl -> . ID LPAREN ID RPAREN

    ID              shift and go to state 61

    id_decl                        shift and go to state 96

state 76

    (26) id_decl -> ID LPAREN . INT_CONST RPAREN
    (27) id_decl -> ID LPAREN . ID RPAREN

    INT_CONST       shift and go to state 98
    ID              shift and go to state 97


state 77

    (7) function_def -> type FUNCTION ID LPAREN param_list_opt RPAREN . declarations statements END
    (14) declarations -> . declarations declaration
    (15) declarations -> . empty
    (86) empty -> .

    INTEGER         reduce using rule 86 (empty -> .)
    REAL            reduce using rule 86 (empty -> .)
    LOGICAL         reduce using rule 86 (empty -> .)
    CHARACTER       reduce using rule 86 (empty -> .)
    END             reduce using rule 86 (empty -> .)
    INT_CONST       reduce using rule 86 (empty -> .)
    ID              reduce using rule 86 (empty -> .)
    IF              reduce using rule 86 (empty -> .)
    DO              reduce using rule 86 (empty -> .)
    GOTO            reduce using rule 86 (empty -> .)
    CONTINUE        reduce using rule 86 (empty -> .)
    PRINT           reduce using rule 86 (empty -> .)
    READ            reduce using rule 86 (empty -> .)
    CALL            reduce using rule 86 (empty -> .)
    RETURN          reduce using rule 86 (empty -> .)

    declarations                   shift and go to state 99
    empty                          shift and go to state 20

state 78

    (8) subroutine_def -> SUBROUTINE ID LPAREN param_list_opt RPAREN declarations . statements END
    (14) declarations -> declarations . declaration
    (28) statements -> . statements labeled_stmt
    (29) statements -> . empty
    (16) declaration -> . type id_decl_list
    (86) empty -> .
    (17) type -> . INTEGER
    (18) type -> . REAL
    (19) type -> . LOGICAL
    (20) type -> . CHARACTER
    (21) type -> . CHARACTER LPAREN INT_CONST RPAREN
    (22) type -> . CHARACTER TIMES INT_CONST

    END             reduce using rule 86 (empty -> .)
    INT_CONST       reduce using rule 86 (empty -> .)
    ID              reduce using rule 86 (empty -> .)
    IF              reduce using rule 86 (empty -> .)
    DO              reduce using rule 86 (empty -> .)
    GOTO            reduce using rule 86 (empty -> .)
    CONTINUE        reduce using rule 86 (empty -> .)
    PRINT           reduce using rule 86 (empty -> .)
    READ            reduce using rule 86 (empty -> .)
    CALL            reduce using rule 86 (empty -> .)
    RETURN          reduce using rule 86 (empty -> .)
    INTEGER         shift and go to state 9
    REAL            shift and go to state 10
    LOGICAL         shift and go to state 11
    CHARACTER       shift and go to state 12

    statements                     shift and go to state 100
    declaration                    shift and go to state 27
    empty                          shift and go to state 28
    type                           shift and go to state 29

state 79

    (12) param_list -> param_list COMMA ID .

    COMMA           reduce using rule 12 (param_list -> param_list COMMA ID .)
    RPAREN          reduce using rule 12 (param_list -> param_list COMMA ID .)


state 80

    (79) expr -> ID . LPAREN expr_list RPAREN
    (80) expr -> ID .

    LPAREN          shift and go to state 101
    OR              reduce using rule 80 (expr -> ID .)
    AND             reduce using rule 80 (expr -> ID .)
    EQ              reduce using rule 80 (expr -> ID .)
    NE              reduce using rule 80 (expr -> ID .)
    LT              reduce using rule 80 (expr -> ID .)
    LE              reduce using rule 80 (expr -> ID .)
    GT              reduce using rule 80 (expr -> ID .)
    GE              reduce using rule 80 (expr -> ID .)
    PLUS            reduce using rule 80 (expr -> ID .)
    MINUS           reduce using rule 80 (expr -> ID .)
    TIMES           reduce using rule 80 (expr -> ID .)
    DIVIDE          reduce using rule 80 (expr -> ID .)
    END             reduce using rule 80 (expr -> ID .)
    INT_CONST       reduce using rule 80 (expr -> ID .)
    ID              reduce using rule 80 (expr -> ID .)
    IF              reduce using rule 80 (expr -> ID .)
    DO              reduce using rule 80 (expr -> ID .)
    GOTO            reduce using rule 80 (expr -> ID .)
    CONTINUE        reduce using rule 80 (expr -> ID .)
    PRINT           reduce using rule 80 (expr -> ID .)
    READ            reduce using rule 80 (expr -> ID .)
    CALL            reduce using rule 80 (expr -> ID .)
    RETURN          reduce using rule 80 (expr -> ID .)
    ENDIF           reduce using rule 80 (expr -> ID .)
    ELSE            reduce using rule 80 (expr -> ID .)
    RPAREN          reduce using rule 80 (expr -> ID .)
    COMMA           reduce using rule 80 (expr -> ID .)


state 81

    (41) assign_stmt -> ID EQUALS expr .
    (64) expr -> expr . OR expr
    (65) expr -> expr . AND expr
    (67) expr -> expr . EQ expr
    (68) expr -> expr . NE expr
    (69) expr -> expr . LT expr
    (70) expr -> expr . LE expr
    (71) expr -> expr . GT expr
    (72) expr -> expr . GE expr
    (73) expr -> expr . PLUS expr
    (74) expr -> expr . MINUS expr
    (75) expr -> expr . TIMES expr
    (76) expr -> expr . DIVIDE expr

    END             reduce using rule 41 (assign_stmt -> ID EQUALS expr .)
    INT_CONST       reduce using rule 41 (assign_stmt -> ID EQUALS expr .)
    ID              reduce using rule 41 (assign_stmt -> ID EQUALS expr .)
    IF              reduce using rule 41 (assign_stmt -> ID EQUALS expr .)
    DO              reduce using rule 41 (assign_stmt -> ID EQUALS expr .)
    GOTO            reduce using rule 41 (assign_stmt -> ID EQUALS expr .)
    CONTINUE        reduce using rule 41 (assign_stmt -> ID EQUALS expr .)
    PRINT           reduce using rule 41 (assign_stmt -> ID EQUALS expr .)
    READ            reduce using rule 41 (assign_stmt -> ID EQUALS expr .)
    CALL            reduce using rule 41 (assign_stmt -> ID EQUALS expr .)
    RETURN          reduce using rule 41 (assign_stmt -> ID EQUALS expr .)
    ENDIF           reduce using rule 41 (assign_stmt -> ID EQUALS expr .)
    ELSE            reduce using rule 41 (assign_stmt -> ID EQUALS expr .)
    OR              shift and go to state 102
    AND             shift and go to state 103
    EQ              shift and go to state 104
    NE              shift and go to state 105
    LT              shift and go to state 106
    LE              shift and go to state 107
    GT              shift and go to state 108
    GE              shift and go to state 109
    PLUS            shift and go to state 110
    MINUS           shift and go to state 111
    TIMES           shift and go to state 112
    DIVIDE          shift and go to state 113


state 82

    (66) expr -> NOT . expr
    (64) expr -> . expr OR expr
    (65) expr -> . expr AND expr
    (66) expr -> . NOT expr
    (67) expr -> . expr EQ expr
    (68) expr -> . expr NE expr
    (69) expr -> . expr LT expr
    (70) expr -> . expr LE expr
    (71) expr -> . expr GT expr
    (72) expr -> . expr GE expr
    (73) expr -> . expr PLUS expr
    (74) expr -> . expr MINUS expr
    (75) expr -> . expr TIMES expr
    (76) expr -> . expr DIVIDE expr
    (77) expr -> . MINUS expr
    (78) expr -> . LPAREN expr RPAREN
    (79) expr -> . ID LPAREN expr_list RPAREN
    (80) expr -> . ID
    (81) expr -> . INT_CONST
    (82) expr -> . REAL_CONST
    (83) expr -> . STRING
    (84) expr -> . TRUE
    (85) expr -> . FALSE

    NOT             shift and go to state 82
    MINUS           shift and go to state 83
    LPAREN          shift and go to state 84
    ID              shift and go to state 80
    INT_CONST       shift and go to state 85
    REAL_CONST      shift and go to state 86
    STRING          shift and go to state 87
    TRUE            shift and go to state 88
    FALSE           shift and go to state 89

    expr                           shift and go to state 114

state 83

    (77) expr -> MINUS . expr
    (64) expr -> . expr OR expr
    (65) expr -> . expr AND expr
    (66) expr -> . NOT expr
    (67) expr -> . expr EQ expr
    (68) expr -> . expr NE expr
    (69) expr -> . expr LT expr
    (70) expr -> . expr LE expr
    (71) expr -> . expr GT expr
    (72) expr -> . expr GE expr
    (73) expr -> . expr PLUS expr
    (74) expr -> . expr MINUS expr
    (75) expr -> . expr TIMES expr
    (76) expr -> . expr DIVIDE expr
    (77) expr -> . MINUS expr
    (78) expr -> . LPAREN expr RPAREN
    (79) expr -> . ID LPAREN expr_list RPAREN
    (80) expr -> . ID
    (81) expr -> . INT_CONST
    (82) expr -> . REAL_CONST
    (83) expr -> . STRING
    (84) expr -> . TRUE
    (85) expr -> . FALSE

    NOT             shift and go to state 82
    MINUS           shift and go to state 83
    LPAREN          shift and go to state 84
    ID              shift and go to state 80
    INT_CONST       shift and go to state 85
    REAL_CONST      shift and go to state 86
    STRING          shift and go to state 87
    TRUE            shift and go to state 88
    FALSE           shift and go to state 89

    expr                           shift and go to state 115

state 84

    (78) expr -> LPAREN . expr RPAREN
    (64) expr -> . expr OR expr
    (65) expr -> . expr AND expr
    (66) expr -> . NOT expr
    (67) expr -> . expr EQ expr
    (68) expr -> . expr NE expr
    (69) expr -> . expr LT expr
    (70) expr -> . expr LE expr
    (71) expr -> . expr GT expr
    (72) expr -> . expr GE expr
    (73) expr -> . expr PLUS expr
    (74) expr -> . expr MINUS expr
    (75) expr -> . expr TIMES expr
    (76) expr -> . expr DIVIDE expr
    (77) expr -> . MINUS expr
    (78) expr -> . LPAREN expr RPAREN
    (79) expr -> . ID LPAREN expr_list RPAREN
    (80) expr -> . ID
    (81) expr -> . INT_CONST
    (82) expr -> . REAL_CONST
    (83) expr -> . STRING
    (84) expr -> . TRUE
    (85) expr -> . FALSE

    NOT             shift and go to state 82
    MINUS           shift and go to state 83
    LPAREN          shift and go to state 84
    ID              shift and go to state 80
    INT_CONST       shift and go to state 85
    REAL_CONST      shift and go to state 86
    STRING          shift and go to state 87
    TRUE            shift and go to state 88
    FALSE           shift and go to state 89

    expr                           shift and go to state 116

state 85

    (81) expr -> INT_CONST .

    OR              reduce using rule 81 (expr -> INT_CONST .)
    AND             reduce using rule 81 (expr -> INT_CONST .)
    EQ              reduce using rule 81 (expr -> INT_CONST .)
    NE              reduce using rule 81 (expr -> INT_CONST .)
    LT              reduce using rule 81 (expr -> INT_CONST .)
    LE              reduce using rule 81 (expr -> INT_CONST .)
    GT              reduce using rule 81 (expr -> INT_CONST .)
    GE              reduce using rule 81 (expr -> INT_CONST .)
    PLUS            reduce using rule 81 (expr -> INT_CONST .)
    MINUS           reduce using rule 81 (expr -> INT_CONST .)
    TIMES           reduce using rule 81 (expr -> INT_CONST .)
    DIVIDE          reduce using rule 81 (expr -> INT_CONST .)
    END             reduce using rule 81 (expr -> INT_CONST .)
    INT_CONST       reduce using rule 81 (expr -> INT_CONST .)
    ID              reduce using rule 81 (expr -> INT_CONST .)
    IF              reduce using rule 81 (expr -> INT_CONST .)
    DO              reduce using rule 81 (expr -> INT_CONST .)
    GOTO            reduce using rule 81 (expr -> INT_CONST .)
    CONTINUE        reduce using rule 81 (expr -> INT_CONST .)
    PRINT           reduce using rule 81 (expr -> INT_CONST .)
    READ            reduce using rule 81 (expr -> INT_CONST .)
    CALL            reduce using rule 81 (expr -> INT_CONST .)
    RETURN          reduce using rule 81 (expr -> INT_CONST .)
    ENDIF           reduce using rule 81 (expr -> INT_CONST .)
    ELSE            reduce using rule 81 (expr -> INT_CONST .)
    RPAREN          reduce using rule 81 (expr -> INT_CONST .)
    COMMA           reduce using rule 81 (expr -> INT_CONST .)


state 86

    (82) expr -> REAL_CONST .

    OR              reduce using rule 82 (expr -> REAL_CONST .)
    AND             reduce using rule 82 (expr -> REAL_CONST .)
    EQ              reduce using rule 82 (expr -> REAL_CONST .)
    NE              reduce using rule 82 (expr -> REAL_CONST .)
    LT              reduce using rule 82 (expr -> REAL_CONST .)
    LE              reduce using rule 82 (expr -> REAL_CONST .)
    GT              reduce using rule 82 (expr -> REAL_CONST .)
    GE              reduce using rule 82 (expr -> REAL_CONST .)
    PLUS            reduce using rule 82 (expr -> REAL_CONST .)
    MINUS           reduce using rule 82 (expr -> REAL_CONST .)
    TIMES           reduce using rule 82 (expr -> REAL_CONST .)
    DIVIDE          reduce using rule 82 (expr -> REAL_CONST .)
    END             reduce using rule 82 (expr -> REAL_CONST .)
    INT_CONST       reduce using rule 82 (expr -> REAL_CONST .)
    ID              reduce using rule 82 (expr -> REAL_CONST .)
    IF              reduce using rule 82 (expr -> REAL_CONST .)
    DO              reduce using rule 82 (expr -> REAL_CONST .)
    GOTO            reduce using rule 82 (expr -> REAL_CONST .)
    CONTINUE        reduce using rule 82 (expr -> REAL_CONST .)
    PRINT           reduce using rule 82 (expr -> REAL_CONST .)
    READ            reduce using rule 82 (expr -> REAL_CONST .)
    CALL            reduce using rule 82 (expr -> REAL_CONST .)
    RETURN          reduce using rule 82 (expr -> REAL_CONST .)
    ENDIF           reduce using rule 82 (expr -> REAL_CONST .)
    ELSE            reduce using rule 82 (expr -> REAL_CONST .)
    RPAREN          reduce using rule 82 (expr -> REAL_CONST .)
    COMMA           reduce using rule 82 (expr -> REAL_CONST .)


state 87

    (83) expr -> STRING .

    OR              reduce using rule 83 (expr -> STRING .)
    AND             reduce using rule 83 (expr -> STRING .)
    EQ              reduce using rule 83 (expr -> STRING .)
    NE              reduce using rule 83 (expr -> STRING .)
    LT              reduce using rule 83 (expr -> STRING .)
    LE              reduce using rule 83 (expr -> STRING .)
    GT              reduce using rule 83 (expr -> STRING .)
    GE              reduce using rule 83 (expr -> STRING .)
    PLUS            reduce using rule 83 (expr -> STRING .)
    MINUS           reduce using rule 83 (expr -> STRING .)
    TIMES           reduce using rule 83 (expr -> STRING .)
    DIVIDE          reduce using rule 83 (expr -> STRING .)
    END             reduce using rule 83 (expr -> STRING .)
    INT_CONST       reduce using rule 83 (expr -> STRING .)
    ID              reduce using rule 83 (expr -> STRING .)
    IF              reduce using rule 83 (expr -> STRING .)
    DO              reduce using rule 83 (expr -> STRING .)
    GOTO            reduce using rule 83 (expr -> STRING .)
    CONTINUE        reduce using rule 83 (expr -> STRING .)
    PRINT           reduce using rule 83 (expr -> STRING .)
    READ            reduce using rule 83 (expr -> STRING .)
    CALL            reduce using rule 83 (expr -> STRING .)
    RETURN          reduce using rule 83 (expr -> STRING .)
    ENDIF           reduce using rule 83 (expr -> STRING .)
    ELSE            reduce using rule 83 (expr -> STRING .)
    RPAREN          reduce using rule 83 (expr -> STRING .)
    COMMA           reduce using rule 83 (expr -> STRING .)


state 88

    (84) expr -> TRUE .

    OR              reduce using rule 84 (expr -> TRUE .)
    AND             reduce using rule 84 (expr -> TRUE .)
    EQ              reduce using rule 84 (expr -> TRUE .)
    NE              reduce using rule 84 (expr -> TRUE .)
    LT              reduce using rule 84 (expr -> TRUE .)
    LE              reduce using rule 84 (expr -> TRUE .)
    GT              reduce using rule 84 (expr -> TRUE .)
    GE              reduce using rule 84 (expr -> TRUE .)
    PLUS            reduce using rule 84 (expr -> TRUE .)
    MINUS           reduce using rule 84 (expr -> TRUE .)
    TIMES           reduce using rule 84 (expr -> TRUE .)
    DIVIDE          reduce using rule 84 (expr -> TRUE .)
    END             reduce using rule 84 (expr -> TRUE .)
    INT_CONST       reduce using rule 84 (expr -> TRUE .)
    ID              reduce using rule 84 (expr -> TRUE .)
    IF              reduce using rule 84 (expr -> TRUE .)
    DO              reduce using rule 84 (expr -> TRUE .)
    GOTO            reduce using rule 84 (expr -> TRUE .)
    CONTINUE        reduce using rule 84 (expr -> TRUE .)
    PRINT           reduce using rule 84 (expr -> TRUE .)
    READ            reduce using rule 84 (expr -> TRUE .)
    CALL            reduce using rule 84 (expr -> TRUE .)
    RETURN          reduce using rule 84 (expr -> TRUE .)
    ENDIF           reduce using rule 84 (expr -> TRUE .)
    ELSE            reduce using rule 84 (expr -> TRUE .)
    RPAREN          reduce using rule 84 (expr -> TRUE .)
    COMMA           reduce using rule 84 (expr -> TRUE .)


state 89

    (85) expr -> FALSE .

    OR              reduce using rule 85 (expr -> FALSE .)
    AND             reduce using rule 85 (expr -> FALSE .)
    EQ              reduce using rule 85 (expr -> FALSE .)
    NE              reduce using rule 85 (expr -> FALSE .)
    LT              reduce using rule 85 (expr -> FALSE .)
    LE              reduce using rule 85 (expr -> FALSE .)
    GT              reduce using rule 85 (expr -> FALSE .)
    GE              reduce using rule 85 (expr -> FALSE .)
    PLUS            reduce using rule 85 (expr -> FALSE .)
    MINUS           reduce using rule 85 (expr -> FALSE .)
    TIMES           reduce using rule 85 (expr -> FALSE .)
    DIVIDE          reduce using rule 85 (expr -> FALSE .)
    END             reduce using rule 85 (expr -> FALSE .)
    INT_CONST       reduce using rule 85 (expr -> FALSE .)
    ID              reduce using rule 85 (expr -> FALSE .)
    IF              reduce using rule 85 (expr -> FALSE .)
    DO              reduce using rule 85 (expr -> FALSE .)
    GOTO            reduce using rule 85 (expr -> FALSE .)
    CONTINUE        reduce using rule 85 (expr -> FALSE .)
    PRINT           reduce using rule 85 (expr -> FALSE .)
    READ            reduce using rule 85 (expr -> FALSE .)
    CALL            reduce using rule 85 (expr -> FALSE .)
    RETURN          reduce using rule 85 (expr -> FALSE .)
    ENDIF           reduce using rule 85 (expr -> FALSE .)
    ELSE            reduce using rule 85 (expr -> FALSE .)
    RPAREN          reduce using rule 85 (expr -> FALSE .)
    COMMA           reduce using rule 85 (expr -> FALSE .)


state 90

    (42) assign_stmt -> ID LPAREN expr . RPAREN EQUALS expr
    (64) expr -> expr . OR expr
    (65) expr -> expr . AND expr
    (67) expr -> expr . EQ expr
    (68) expr -> expr . NE expr
    (69) expr -> expr . LT expr
    (70) expr -> expr . LE expr
    (71) expr -> expr . GT expr
    (72) expr -> expr . GE expr
    (73) expr -> expr . PLUS expr
    (74) expr -> expr . MINUS expr
    (75) expr -> expr . TIMES expr
    (76) expr -> expr . DIVIDE expr

    RPAREN          shift and go to state 117
    OR              shift and go to state 102
    AND             shift and go to state 103
    EQ              shift and go to state 104
    NE              shift and go to state 105
    LT              shift and go to state 106
    LE              shift and go to state 107
    GT              shift and go to state 108
    GE              shift and go to state 109
    PLUS            shift and go to state 110
    MINUS           shift and go to state 111
    TIMES           shift and go to state 112
    DIVIDE          shift and go to state 113


state 91

    (43) if_stmt -> IF LPAREN expr . RPAREN THEN statements ENDIF
    (44) if_stmt -> IF LPAREN expr . RPAREN THEN statements ELSE statements ENDIF
    (45) if_stmt -> IF LPAREN expr . RPAREN statement
    (64) expr -> expr . OR expr
    (65) expr -> expr . AND expr
    (67) expr -> expr . EQ expr
    (68) expr -> expr . NE expr
    (69) expr -> expr . LT expr
    (70) expr -> expr . LE expr
    (71) expr -> expr . GT expr
    (72) expr -> expr . GE expr
    (73) expr -> expr . PLUS expr
    (74) expr -> expr . MINUS expr
    (75) expr -> expr . TIMES expr
    (76) expr -> expr . DIVIDE expr

    RPAREN          shift and go to state 118
    OR              shift and go to state 102
    AND             shift and go to state 103
    EQ              shift and go to state 104
    NE              shift and go to state 105
    LT              shift and go to state 106
    LE              shift and go to state 107
    GT              shift and go to state 108
    GE              shift and go to state 109
    PLUS            shift and go to state 110
    MINUS           shift and go to state 111
    TIMES           shift and go to state 112
    DIVIDE          shift and go to state 113


state 92

    (46) do_stmt -> DO INT_CONST ID . EQUALS expr COMMA expr do_body do_end
    (47) do_stmt -> DO INT_CONST ID . EQUALS expr COMMA expr COMMA expr do_body do_end

    EQUALS          shift and go to state 119


state 93

    (53) print_stmt -> PRINT TIMES COMMA . expr_list
    (62) expr_list -> . expr_list COMMA expr
    (63) expr_list -> . expr
    (64) expr -> . expr OR expr
    (65) expr -> . expr AND expr
    (66) expr -> . NOT expr
    (67) expr -> . expr EQ expr
    (68) expr -> . expr NE expr
    (69) expr -> . expr LT expr
    (70) expr -> . expr LE expr
    (71) expr -> . expr GT expr
    (72) expr -> . expr GE expr
    (73) expr -> . expr PLUS expr
    (74) expr -> . expr MINUS expr
    (75) expr -> . expr TIMES expr
    (76) expr -> . expr DIVIDE expr
    (77) expr -> . MINUS expr
    (78) expr -> . LPAREN expr RPAREN
    (79) expr -> . ID LPAREN expr_list RPAREN
    (80) expr -> . ID
    (81) expr -> . INT_CONST
    (82) expr -> . REAL_CONST
    (83) expr -> . STRING
    (84) expr -> . TRUE
    (85) expr -> . FALSE

    NOT             shift and go to state 82
    MINUS           shift and go to state 83
    LPAREN          shift and go to state 84
    ID              shift and go to state 80
    INT_CONST       shift and go to state 85
    REAL_CONST      shift and go to state 86
    STRING          shift and go to state 87
    TRUE            shift and go to state 88
    FALSE           shift and go to state 89

    expr_list                      shift and go to state 120
    expr                           shift and go to state 121

state 94

    (54) read_stmt -> READ TIMES COMMA . read_list
    (55) read_list -> . read_list COMMA read_item
    (56) read_list -> . read_item
    (57) read_item -> . ID
    (58) read_item -> . ID LPAREN expr RPAREN

    ID              shift and go to state 124

    read_list                      shift and go to state 122
    read_item                      shift and go to state 123

state 95

    (60) call_stmt -> CALL ID LPAREN . expr_list RPAREN
    (62) expr_list -> . expr_list COMMA expr
    (63) expr_list -> . expr
    (64) expr -> . expr OR expr
    (65) expr -> . expr AND expr
    (66) expr -> . NOT expr
    (67) expr -> . expr EQ expr
    (68) expr -> . expr NE expr
    (69) expr -> . expr LT expr
    (70) expr -> . expr LE expr
    (71) expr -> . expr GT expr
    (72) expr -> . expr GE expr
    (73) expr -> . expr PLUS expr
    (74) expr -> . expr MINUS expr
    (75) expr -> . expr TIMES expr
    (76) expr -> . expr DIVIDE expr
    (77) expr -> . MINUS expr
    (78) expr -> . LPAREN expr RPAREN
    (79) expr -> . ID LPAREN expr_list RPAREN
    (80) expr -> . ID
    (81) expr -> . INT_CONST
    (82) expr -> . REAL_CONST
    (83) expr -> . STRING
    (84) expr -> . TRUE
    (85) expr -> . FALSE

    NOT             shift and go to state 82
    MINUS           shift and go to state 83
    LPAREN          shift and go to state 84
    ID              shift and go to state 80
    INT_CONST       shift and go to state 85
    REAL_CONST      shift and go to state 86
    STRING          shift and go to state 87
    TRUE            shift and go to state 88
    FALSE           shift and go to state 89

    expr_list                      shift and go to state 125
    expr                           shift and go to state 121

state 96

    (23) id_decl_list -> id_decl_list COMMA id_decl .

    COMMA           reduce using rule 23 (id_decl_list -> id_decl_list COMMA id_decl .)
    INTEGER         reduce using rule 23 (id_decl_list -> id_decl_list COMMA id_decl .)
    REAL            reduce using rule 23 (id_decl_list -> id_decl_list COMMA id_decl .)
    LOGICAL         reduce using rule 23 (id_decl_list -> id_decl_list COMMA id_decl .)
    CHARACTER       reduce using rule 23 (id_decl_list -> id_decl_list COMMA id_decl .)
    END             reduce using rule 23 (id_decl_list -> id_decl_list COMMA id_decl .)
    INT_CONST       reduce using rule 23 (id_decl_list -> id_decl_list COMMA id_decl .)
    ID              reduce using rule 23 (id_decl_list -> id_decl_list COMMA id_decl .)
    IF              reduce using rule 23 (id_decl_list -> id_decl_list COMMA id_decl .)
    DO              reduce using rule 23 (id_decl_list -> id_decl_list COMMA id_decl .)
    GOTO            reduce using rule 23 (id_decl_list -> id_decl_list COMMA id_decl .)
    CONTINUE        reduce using rule 23 (id_decl_list -> id_decl_list COMMA id_decl .)
    PRINT           reduce using rule 23 (id_decl_list -> id_decl_list COMMA id_decl .)
    READ            reduce using rule 23 (id_decl_list -> id_decl_list COMMA id_decl .)
    CALL            reduce using rule 23 (id_decl_list -> id_decl_list COMMA id_decl .)
    RETURN          reduce using rule 23 (id_decl_list -> id_decl_list COMMA id_decl .)


state 97

    (27) id_decl -> ID LPAREN ID . RPAREN

    RPAREN          shift and go to state 126


state 98

    (26) id_decl -> ID LPAREN INT_CONST . RPAREN

    RPAREN          shift and go to state 127


state 99

    (7) function_def -> type FUNCTION ID LPAREN param_list_opt RPAREN declarations . statements END
    (14) declarations -> declarations . declaration
    (28) statements -> . statements labeled_stmt
    (29) statements -> . empty
    (16) declaration -> . type id_decl_list
    (86) empty -> .
    (17) type -> . INTEGER
    (18) type -> . REAL
    (19) type -> . LOGICAL
    (20) type -> . CHARACTER
    (21) type -> . CHARACTER LPAREN INT_CONST RPAREN
    (22) type -> . CHARACTER TIMES INT_CONST

    END             reduce using rule 86 (empty -> .)
    INT_CONST       reduce using rule 86 (empty -> .)
    ID              reduce using rule 86 (empty -> .)
    IF              reduce using rule 86 (empty -> .)
    DO              reduce using rule 86 (empty -> .)
    GOTO            reduce using rule 86 (empty -> .)
    CONTINUE        reduce using rule 86 (empty -> .)
    PRINT           reduce using rule 86 (empty -> .)
    READ            reduce using rule 86 (empty -> .)
    CALL            reduce using rule 86 (empty -> .)
    RETURN          reduce using rule 86 (empty -> .)
    INTEGER         shift and go to state 9
    REAL            shift and go to state 10
    LOGICAL         shift and go to state 11
    CHARACTER       shift and go to state 12

    type                           shift and go to state 29
    statements                     shift and go to state 128
    declaration                    shift and go to state 27
    empty                          shift and go to state 28

state 100

    (8) subroutine_def -> SUBROUTINE ID LPAREN param_list_opt RPAREN declarations statements . END
    (28) statements -> statements . labeled_stmt
    (30) labeled_stmt -> . INT_CONST statement
    (31) labeled_stmt -> . statement
    (32) statement -> . assign_stmt
    (33) statement -> . if_stmt
    (34) statement -> . do_stmt
    (35) statement -> . goto_stmt
    (36) statement -> . continue_stmt
    (37) statement -> . print_stmt
    (38) statement -> . read_stmt
    (39) statement -> . call_stmt
    (40) statement -> . return_stmt
    (41) assign_stmt -> . ID EQUALS expr
    (42) assign_stmt -> . ID LPAREN expr RPAREN EQUALS expr
    (43) if_stmt -> . IF LPAREN expr RPAREN THEN statements ENDIF
    (44) if_stmt -> . IF LPAREN expr RPAREN THEN statements ELSE statements ENDIF
    (45) if_stmt -> . IF LPAREN expr RPAREN statement
    (46) do_stmt -> . DO INT_CONST ID EQUALS expr COMMA expr do_body do_end
    (47) do_stmt -> . DO INT_CONST ID EQUALS expr COMMA expr COMMA expr do_body do_end
    (51) goto_stmt -> . GOTO INT_CONST
    (52) continue_stmt -> . CONTINUE
    (53) print_stmt -> . PRINT TIMES COMMA expr_list
    (54) read_stmt -> . READ TIMES COMMA read_list
    (59) call_stmt -> . CALL ID
    (60) call_stmt -> . CALL ID LPAREN expr_list RPAREN
    (61) return_stmt -> . RETURN

    END             shift and go to state 129
    INT_CONST       shift and go to state 40
    ID              shift and go to state 37
    IF              shift and go to state 51
    DO              shift and go to state 52
    GOTO            shift and go to state 53
    CONTINUE        shift and go to state 54
    PRINT           shift and go to state 55
    READ            shift and go to state 56
    CALL            shift and go to state 57
    RETURN          shift and go to state 58

    labeled_stmt                   shift and go to state 39
    statement                      shift and go to state 41
    assign_stmt                    shift and go to state 42
    if_stmt                        shift and go to state 43
    do_stmt                        shift and go to state 44
    goto_stmt                      shift and go to state 45
    continue_stmt                  shift and go to state 46
    print_stmt                     shift and go to state 47
    read_stmt                      shift and go to state 48
    call_stmt                      shift and go to state 49
    return_stmt                    shift and go to state 50

state 101

    (79) expr -> ID LPAREN . expr_list RPAREN
    (62) expr_list -> . expr_list COMMA expr
    (63) expr_list -> . expr
    (64) expr -> . expr OR expr
    (65) expr -> . expr AND expr
    (66) expr -> . NOT expr
    (67) expr -> . expr EQ expr
    (68) expr -> . expr NE expr
    (69) expr -> . expr LT expr
    (70) expr -> . expr LE expr
    (71) expr -> . expr GT expr
    (72) expr -> . expr GE expr
    (73) expr -> . expr PLUS expr
    (74) expr -> . expr MINUS expr
    (75) expr -> . expr TIMES expr
    (76) expr -> . expr DIVIDE expr
    (77) expr -> . MINUS expr
    (78) expr -> . LPAREN expr RPAREN
    (79) expr -> . ID LPAREN expr_list RPAREN
    (80) expr -> . ID
    (81) expr -> . INT_CONST
    (82) expr -> . REAL_CONST
    (83) expr -> . STRING
    (84) expr -> . TRUE
    (85) expr -> . FALSE

    NOT             shift and go to state 82
    MINUS           shift and go to state 83
    LPAREN          shift and go to state 84
    ID              shift and go to state 80
    INT_CONST       shift and go to state 85
    REAL_CONST      shift and go to state 86
    STRING          shift and go to state 87
    TRUE            shift and go to state 88
    FALSE           shift and go to state 89

    expr_list                      shift and go to state 130
    expr                           shift and go to state 121

state 102

    (64) expr -> expr OR . expr
    (64) expr -> . expr OR expr
    (65) expr -> . expr AND expr
    (66) expr -> . NOT expr
    (67) expr -> . expr EQ expr
    (68) expr -> . expr NE expr
    (69) expr -> . expr LT expr
    (70) expr -> . expr LE expr
    (71) expr -> . expr GT expr
    (72) expr -> . expr GE expr
    (73) expr -> . expr PLUS expr
    (74) expr -> . expr MINUS expr
    (75) expr -> . expr TIMES expr
    (76) expr -> . expr DIVIDE expr
    (77) expr -> . MINUS expr
    (78) expr -> . LPAREN expr RPAREN
    (79) expr -> . ID LPAREN expr_list RPAREN
    (80) expr -> . ID
    (81) expr -> . INT_CONST
    (82) expr -> . REAL_CONST
    (83) expr -> . STRING
    (84) expr -> . TRUE
    (85) expr -> . FALSE

    NOT             shift and go to state 82
    MINUS           shift and go to state 83
    LPAREN          shift and go to state 84
    ID              shift and go to state 80
    INT_CONST       shift and go to state 85
    REAL_CONST      shift and go to state 86
    STRING          shift and go to state 87
    TRUE            shift and go to state 88
    FALSE           shift and go to state 89

    expr                           shift and go to state 131

state 103

    (65) expr -> expr AND . expr
    (64) expr -> . expr OR expr
    (65) expr -> . expr AND expr
    (66) expr -> . NOT expr
    (67) expr -> . expr EQ expr
    (68) expr -> . expr NE expr
    (69) expr -> . expr LT expr
    (70) expr -> . expr LE expr
    (71) expr -> . expr GT expr
    (72) expr -> . expr GE expr
    (73) expr -> . expr PLUS expr
    (74) expr -> . expr MINUS expr
    (75) expr -> . expr TIMES expr
    (76) expr -> . expr DIVIDE expr
    (77) expr -> . MINUS expr
    (78) expr -> . LPAREN expr RPAREN
    (79) expr -> . ID LPAREN expr_list RPAREN
    (80) expr -> . ID
    (81) expr -> . INT_CONST
    (82) expr -> . REAL_CONST
    (83) expr -> . STRING
    (84) expr -> . TRUE
    (85) expr -> . FALSE

    NOT             shift and go to state 82
    MINUS           shift and go to state 83
    LPAREN          shift and go to state 84
    ID              shift and go to state 80
    INT_CONST       shift and go to state 85
    REAL_CONST      shift and go to state 86
    STRING          shift and go to state 87
    TRUE            shift and go to state 88
    FALSE           shift and go to state 89

    expr                           shift and go to state 132

state 104

    (67) expr -> expr EQ . expr
    (64) expr -> . expr OR expr
    (65) expr -> . expr AND expr
    (66) expr -> . NOT expr
    (67) expr -> . expr EQ expr
    (68) expr -> . expr NE expr
    (69) expr -> . expr LT expr
    (70) expr -> . expr LE expr
    (71) expr -> . expr GT expr
    (72) expr -> . expr GE expr
    (73) expr -> . expr PLUS expr
    (74) expr -> . expr MINUS expr
    (75) expr -> . expr TIMES expr
    (76) expr -> . expr DIVIDE expr
    (77) expr -> . MINUS expr
    (78) expr -> . LPAREN expr RPAREN
    (79) expr -> . ID LPAREN expr_list RPAREN
    (80) expr -> . ID
    (81) expr -> . INT_CONST
    (82) expr -> . REAL_CONST
    (83) expr -> . STRING
    (84) expr -> . TRUE
    (85) expr -> . FALSE

    NOT             shift and go to state 82
    MINUS           shift and go to state 83
    LPAREN          shift and go to state 84
    ID              shift and go to state 80
    INT_CONST       shift and go to state 85
    REAL_CONST      shift and go to state 86
    STRING          shift and go to state 87
    TRUE            shift and go to state 88
    FALSE           shift and go to state 89

    expr                           shift and go to state 133

state 105

    (68) expr -> expr NE . expr
    (64) expr -> . expr OR expr
    (65) expr -> . expr AND expr
    (66) expr -> . NOT expr
    (67) expr -> . expr EQ expr
    (68) expr -> . expr NE expr
    (69) expr -> . expr LT expr
    (70) expr -> . expr LE expr
    (71) expr -> . expr GT expr
    (72) expr -> . expr GE expr
    (73) expr -> . expr PLUS expr
    (74) expr -> . expr MINUS expr
    (75) expr -> . expr TIMES expr
    (76) expr -> . expr DIVIDE expr
    (77) expr -> . MINUS expr
    (78) expr -> . LPAREN expr RPAREN
    (79) expr -> . ID LPAREN expr_list RPAREN
    (80) expr -> . ID
    (81) expr -> . INT_CONST
    (82) expr -> . REAL_CONST
    (83) expr -> . STRING
    (84) expr -> . TRUE
    (85) expr -> . FALSE

    NOT             shift and go to state 82
    MINUS           shift and go to state 83
    LPAREN          shift and go to state 84
    ID              shift and go to state 80
    INT_CONST       shift and go to state 85
    REAL_CONST      shift and go to state 86
    STRING          shift and go to state 87
    TRUE            shift and go to state 88
    FALSE           shift and go to state 89

    expr                           shift and go to state 134

state 106

    (69) expr -> expr LT . expr
    (64) expr -> . expr OR expr
    (65) expr -> . expr AND expr
    (66) expr -> . NOT expr
    (67) expr -> . expr EQ expr
    (68) expr -> . expr NE expr
    (69) expr -> . expr LT expr
    (70) expr -> . expr LE expr
    (71) expr -> . expr GT expr
    (72) expr -> . expr GE expr
    (73) expr -> . expr PLUS expr
    (74) expr -> . expr MINUS expr
    (75) expr -> . expr TIMES expr
    (76) expr -> . expr DIVIDE expr
    (77) expr -> . MINUS expr
    (78) expr -> . LPAREN expr RPAREN
    (79) expr -> . ID LPAREN expr_list RPAREN
    (80) expr -> . ID
    (81) expr -> . INT_CONST
    (82) expr -> . REAL_CONST
    (83) expr -> . STRING
    (84) expr -> . TRUE
    (85) expr -> . FALSE

    NOT             shift and go to state 82
    MINUS           shift and go to state 83
    LPAREN          shift and go to state 84
    ID              shift and go to state 80
    INT_CONST       shift and go to state 85
    REAL_CONST      shift and go to state 86
    STRING          shift and go to state 87
    TRUE            shift and go to state 88
    FALSE           shift and go to state 89

    expr                           shift and go to state 135

state 107

    (70) expr -> expr LE . expr
    (64) expr -> . expr OR expr
    (65) expr -> . expr AND expr
    (66) expr -> . NOT expr
    (67) expr -> . expr EQ expr
    (68) expr -> . expr NE expr
    (69) expr -> . expr LT expr
    (70) expr -> . expr LE expr
    (71) expr -> . expr GT expr
    (72) expr -> . expr GE expr
    (73) expr -> . expr PLUS expr
    (74) expr -> . expr MINUS expr
    (75) expr -> . expr TIMES expr
    (76) expr -> . expr DIVIDE expr
    (77) expr -> . MINUS expr
    (78) expr -> . LPAREN expr RPAREN
    (79) expr -> . ID LPAREN expr_list RPAREN
    (80) expr -> . ID
    (81) expr -> . INT_CONST
    (82) expr -> . REAL_CONST
    (83) expr -> . STRING
    (84) expr -> . TRUE
    (85) expr -> . FALSE

    NOT             shift and go to state 82
    MINUS           shift and go to state 83
    LPAREN          shift and go to state 84
    ID              shift and go to state 80
    INT_CONST       shift and go to state 85
    REAL_CONST      shift and go to state 86
    STRING          shift and go to state 87
    TRUE            shift and go to state 88
    FALSE           shift and go to state 89

    expr                           shift and go to state 136

state 108

    (71) expr -> expr GT . expr
    (64) expr -> . expr OR expr
    (65) expr -> . expr AND expr
    (66) expr -> . NOT expr
    (67) expr -> . expr EQ expr
    (68) expr -> . expr NE expr
    (69) expr -> . expr LT expr
    (70) expr -> . expr LE expr
    (71) expr -> . expr GT expr
    (72) expr -> . expr GE expr
    (73) expr -> . expr PLUS expr
    (74) expr -> . expr MINUS expr
    (75) expr -> . expr TIMES expr
    (76) expr -> . expr DIVIDE expr
    (77) expr -> . MINUS expr
    (78) expr -> . LPAREN expr RPAREN
    (79) expr -> . ID LPAREN expr_list RPAREN
    (80) expr -> . ID
    (81) expr -> . INT_CONST
    (82) expr -> . REAL_CONST
    (83) expr -> . STRING
    (84) expr -> . TRUE
    (85) expr -> . FALSE

    NOT             shift and go to state 82
    MINUS           shift and go to state 83
    LPAREN          shift and go to state 84
    ID              shift and go to state 80
    INT_CONST       shift and go to state 85
    REAL_CONST      shift and go to state 86
    STRING          shift and go to state 87
    TRUE            shift and go to state 88
    FALSE           shift and go to state 89

    expr                           shift and go to state 137

state 109

    (72) expr -> expr GE . expr
    (64) expr -> . expr OR expr
    (65) expr -> . expr AND expr
    (66) expr -> . NOT expr
    (67) expr -> . expr EQ expr
    (68) expr -> . expr NE expr
    (69) expr -> . expr LT expr
    (70) expr -> . expr LE expr
    (71) expr -> . expr GT expr
    (72) expr -> . expr GE expr
    (73) expr -> . expr PLUS expr
    (74) expr -> . expr MINUS expr
    (75) expr -> . expr TIMES expr
    (76) expr -> . expr DIVIDE expr
    (77) expr -> . MINUS expr
    (78) expr -> . LPAREN expr RPAREN
    (79) expr -> . ID LPAREN expr_list RPAREN
    (80) expr -> . ID
    (81) expr -> . INT_CONST
    (82) expr -> . REAL_CONST
    (83) expr -> . STRING
    (84) expr -> . TRUE
    (85) expr -> . FALSE

    NOT             shift and go to state 82
    MINUS           shift and go to state 83
    LPAREN          shift and go to state 84
    ID              shift and go to state 80
    INT_CONST       shift and go to state 85
    REAL_CONST      shift and go to state 86
    STRING          shift and go to state 87
    TRUE            shift and go to state 88
    FALSE           shift and go to state 89

    expr                           shift and go to state 138

state 110

    (73) expr -> expr PLUS . expr
    (64) expr -> . expr OR expr
    (65) expr -> . expr AND expr
    (66) expr -> . NOT expr
    (67) expr -> . expr EQ expr
    (68) expr -> . expr NE expr
    (69) expr -> . expr LT expr
    (70) expr -> . expr LE expr
    (71) expr -> . expr GT expr
    (72) expr -> . expr GE expr
    (73) expr -> . expr PLUS expr
    (74) expr -> . expr MINUS expr
    (75) expr -> . expr TIMES expr
    (76) expr -> . expr DIVIDE expr
    (77) expr -> . MINUS expr
    (78) expr -> . LPAREN expr RPAREN
    (79) expr -> . ID LPAREN expr_list RPAREN
    (80) expr -> . ID
    (81) expr -> . INT_CONST
    (82) expr -> . REAL_CONST
    (83) expr -> . STRING
    (84) expr -> . TRUE
    (85) expr -> . FALSE

    NOT             shift and go to state 82
    MINUS           shift and go to state 83
    LPAREN          shift and go to state 84
    ID              shift and go to state 80
    INT_CONST       shift and go to state 85
    REAL_CONST      shift and go to state 86
    STRING          shift and go to state 87
    TRUE            shift and go to state 88
    FALSE           shift and go to state 89

    expr                           shift and go to state 139

state 111

    (74) expr -> expr MINUS . expr
    (64) expr -> . expr OR expr
    (65) expr -> . expr AND expr
    (66) expr -> . NOT expr
    (67) expr -> . expr EQ expr
    (68) expr -> . expr NE expr
    (69) expr -> . expr LT expr
    (70) expr -> . expr LE expr
    (71) expr -> . expr GT expr
    (72) expr -> . expr GE expr
    (73) expr -> . expr PLUS expr
    (74) expr -> . expr MINUS expr
    (75) expr -> . expr TIMES expr
    (76) expr -> . expr DIVIDE expr
    (77) expr -> . MINUS expr
    (78) expr -> . LPAREN expr RPAREN
    (79) expr -> . ID LPAREN expr_list RPAREN
    (80) expr -> . ID
    (81) expr -> . INT_CONST
    (82) expr -> . REAL_CONST
    (83) expr -> . STRING
    (84) expr -> . TRUE
    (85) expr -> . FALSE

    NOT             shift and go to state 82
    MINUS           shift and go to state 83
    LPAREN          shift and go to state 84
    ID              shift and go to state 80
    INT_CONST       shift and go to state 85
    REAL_CONST      shift and go to state 86
    STRING          shift and go to state 87
    TRUE            shift and go to state 88
    FALSE           shift and go to state 89

    expr                           shift and go to state 140

state 112

    (75) expr -> expr TIMES . expr
    (64) expr -> . expr OR expr
    (65) expr -> . expr AND expr
    (66) expr -> . NOT expr
    (67) expr -> . expr EQ expr
    (68) expr -> . expr NE expr
    (69) expr -> . expr LT expr
    (70) expr -> . expr LE expr
    (71) expr -> . expr GT expr
    (72) expr -> . expr GE expr
    (73) expr -> . expr PLUS expr
    (74) expr -> . expr MINUS expr
    (75) expr -> . expr TIMES expr
    (76) expr -> . expr DIVIDE expr
    (77) expr -> . MINUS expr
    (78) expr -> . LPAREN expr RPAREN
    (79) expr -> . ID LPAREN expr_list RPAREN
    (80) expr -> . ID
    (81) expr -> . INT_CONST
    (82) expr -> . REAL_CONST
    (83) expr -> . STRING
    (84) expr -> . TRUE
    (85) expr -> . FALSE

    NOT             shift and go to state 82
    MINUS           shift and go to state 83
    LPAREN          shift and go to state 84
    ID              shift and go to state 80
    INT_CONST       shift and go to state 85
    REAL_CONST      shift and go to state 86
    STRING          shift and go to state 87
    TRUE            shift and go to state 88
    FALSE           shift and go to state 89

    expr                           shift and go to state 141

state 113

    (76) expr -> expr DIVIDE . expr
    (64) expr -> . expr OR expr
    (65) expr -> . expr AND expr
    (66) expr -> . NOT expr
    (67) expr -> . expr EQ expr
    (68) expr -> . expr NE expr
    (69) expr -> . expr LT expr
    (70) expr -> . expr LE expr
    (71) expr -> . expr GT expr
    (72) expr -> . expr GE expr
    (73) expr -> . expr PLUS expr
    (74) expr -> . expr MINUS expr
    (75) expr -> . expr TIMES expr
    (76) expr -> . expr DIVIDE expr
    (77) expr -> . MINUS expr
    (78) expr -> . LPAREN expr RPAREN
    (79) expr -> . ID LPAREN expr_list RPAREN
    (80) expr -> . ID
    (81) expr -> . INT_CONST
    (82) expr -> . REAL_CONST
    (83) expr -> . STRING
    (84) expr -> . TRUE
    (85) expr -> . FALSE

    NOT             shift and go to state 82
    MINUS           shift and go to state 83
    LPAREN          shift and go to state 84
    ID              shift and go to state 80
    INT_CONST       shift and go to state 85
    REAL_CONST      shift and go to state 86
    STRING          shift and go to state 87
    TRUE            shift and go to state 88
    FALSE           shift and go to state 89

    expr                           shift and go to state 142

state 114

    (66) expr -> NOT expr .
    (64) expr -> expr . OR expr
    (65) expr -> expr . AND expr
    (67) expr -> expr . EQ expr
    (68) expr -> expr . NE expr
    (69) expr -> expr . LT expr
    (70) expr -> expr . LE expr
    (71) expr -> expr . GT expr
    (72) expr -> expr . GE expr
    (73) expr -> expr . PLUS expr
    (74) expr -> expr . MINUS expr
    (75) expr -> expr . TIMES expr
    (76) expr -> expr . DIVIDE expr

    OR              reduce using rule 66 (expr -> NOT expr .)
    AND             reduce using rule 66 (expr -> NOT expr .)
    END             reduce using rule 66 (expr -> NOT expr .)
    INT_CONST       reduce using rule 66 (expr -> NOT expr .)
    ID              reduce using rule 66 (expr -> NOT expr .)
    IF              reduce using rule 66 (expr -> NOT expr .)
    DO              reduce using rule 66 (expr -> NOT expr .)
    GOTO            reduce using rule 66 (expr -> NOT expr .)
    CONTINUE        reduce using rule 66 (expr -> NOT expr .)
    PRINT           reduce using rule 66 (expr -> NOT expr .)
    READ            reduce using rule 66 (expr -> NOT expr .)
    CALL            reduce using rule 66 (expr -> NOT expr .)
    RETURN          reduce using rule 66 (expr -> NOT expr .)
    ENDIF           reduce using rule 66 (expr -> NOT expr .)
    ELSE            reduce using rule 66 (expr -> NOT expr .)
    RPAREN          reduce using rule 66 (expr -> NOT expr .)
    COMMA           reduce using rule 66 (expr -> NOT expr .)
    EQ              shift and go to state 104
    NE              shift and go to state 105
    LT              shift and go to state 106
    LE              shift and go to state 107
    GT              shift and go to state 108
    GE              shift and go to state 109
    PLUS            shift and go to state 110
    MINUS           shift and go to state 111
    TIMES           shift and go to state 112
    DIVIDE          shift and go to state 113

  ! EQ              [ reduce using rule 66 (expr -> NOT expr .) ]
  ! NE              [ reduce using rule 66 (expr -> NOT expr .) ]
  ! LT              [ reduce using rule 66 (expr -> NOT expr .) ]
  ! LE              [ reduce using rule 66 (expr -> NOT expr .) ]
  ! GT              [ reduce using rule 66 (expr -> NOT expr .) ]
  ! GE              [ reduce using rule 66 (expr -> NOT expr .) ]
  ! PLUS            [ reduce using rule 66 (expr -> NOT expr .) ]
  ! MINUS           [ reduce using rule 66 (expr -> NOT expr .) ]
  ! TIMES           [ reduce using rule 66 (expr -> NOT expr .) ]
  ! DIVIDE          [ reduce using rule 66 (expr -> NOT expr .) ]
  ! OR              [ shift and go to state 102 ]
  ! AND             [ shift and go to state 103 ]


state 115

    (77) expr -> MINUS expr .
    (64) expr -> expr . OR expr
    (65) expr -> expr . AND expr
    (67) expr -> expr . EQ expr
    (68) expr -> expr . NE expr
    (69) expr -> expr . LT expr
    (70) expr -> expr . LE expr
    (71) expr -> expr . GT expr
    (72) expr -> expr . GE expr
    (73) expr -> expr . PLUS expr
    (74) expr -> expr . MINUS expr
    (75) expr -> expr . TIMES expr
    (76) expr -> expr . DIVIDE expr

    OR              reduce using rule 77 (expr -> MINUS expr .)
    AND             reduce using rule 77 (expr -> MINUS expr .)
    EQ              reduce using rule 77 (expr -> MINUS expr .)
    NE              reduce using rule 77 (expr -> MINUS expr .)
    LT              reduce using rule 77 (expr -> MINUS expr .)
    LE              reduce using rule 77 (expr -> MINUS expr .)
    GT              reduce using rule 77 (expr -> MINUS expr .)
    GE              reduce using rule 77 (expr -> MINUS expr .)
    PLUS            reduce using rule 77 (expr -> MINUS expr .)
    MINUS           reduce using rule 77 (expr -> MINUS expr .)
    TIMES           reduce using rule 77 (expr -> MINUS expr .)
    DIVIDE          reduce using rule 77 (expr -> MINUS expr .)
    END             reduce using rule 77 (expr -> MINUS expr .)
    INT_CONST       reduce using rule 77 (expr -> MINUS expr .)
    ID              reduce using rule 77 (expr -> MINUS expr .)
    IF              reduce using rule 77 (expr -> MINUS expr .)
    DO              reduce using rule 77 (expr -> MINUS expr .)
    GOTO            reduce using rule 77 (expr -> MINUS expr .)
    CONTINUE        reduce using rule 77 (expr -> MINUS expr .)
    PRINT           reduce using rule 77 (expr -> MINUS expr .)
    READ            reduce using rule 77 (expr -> MINUS expr .)
    CALL            reduce using rule 77 (expr -> MINUS expr .)
    RETURN          reduce using rule 77 (expr -> MINUS expr .)
    ENDIF           reduce using rule 77 (expr -> MINUS expr .)
    ELSE            reduce using rule 77 (expr -> MINUS expr .)
    RPAREN          reduce using rule 77 (expr -> MINUS expr .)
    COMMA           reduce using rule 77 (expr -> MINUS expr .)

  ! OR              [ shift and go to state 102 ]
  ! AND             [ shift and go to state 103 ]
  ! EQ              [ shift and go to state 104 ]
  ! NE              [ shift and go to state 105 ]
  ! LT              [ shift and go to state 106 ]
  ! LE              [ shift and go to state 107 ]
  ! GT              [ shift and go to state 108 ]
  ! GE              [ shift and go to state 109 ]
  ! PLUS            [ shift and go to state 110 ]
  ! MINUS           [ shift and go to state 111 ]
  ! TIMES           [ shift and go to state 112 ]
  ! DIVIDE          [ shift and go to state 113 ]


state 116

    (78) expr -> LPAREN expr . RPAREN
    (64) expr -> expr . OR expr
    (65) expr -> expr . AND expr
    (67) expr -> expr . EQ expr
    (68) expr -> expr . NE expr
    (69) expr -> expr . LT expr
    (70) expr -> expr . LE expr
    (71) expr -> expr . GT expr
    (72) expr -> expr . GE expr
    (73) expr -> expr . PLUS expr
    (74) expr -> expr . MINUS expr
    (75) expr -> expr . TIMES expr
    (76) expr -> expr . DIVIDE expr

    RPAREN          shift and go to state 143
    OR              shift and go to state 102
    AND             shift and go to state 103
    EQ              shift and go to state 104
    NE              shift and go to state 105
    LT              shift and go to state 106
    LE              shift and go to state 107
    GT              shift and go to state 108
    GE              shift and go to state 109
    PLUS            shift and go to state 110
    MINUS           shift and go to state 111
    TIMES           shift and go to state 112
    DIVIDE          shift and go to state 113


state 117

    (42) assign_stmt -> ID LPAREN expr RPAREN . EQUALS expr

    EQUALS          shift and go to state 144


state 118

    (43) if_stmt -> IF LPAREN expr RPAREN . THEN statements ENDIF
    (44) if_stmt -> IF LPAREN expr RPAREN . THEN statements ELSE statements ENDIF
    (45) if_stmt -> IF LPAREN expr RPAREN . statement
    (32) statement -> . assign_stmt
    (33) statement -> . if_stmt
    (34) statement -> . do_stmt
    (35) statement -> . goto_stmt
    (36) statement -> . continue_stmt
    (37) statement -> . print_stmt
    (38) statement -> . read_stmt
    (39) statement -> . call_stmt
    (40) statement -> . return_stmt
    (41) assign_stmt -> . ID EQUALS expr
    (42) assign_stmt -> . ID LPAREN expr RPAREN EQUALS expr
    (43) if_stmt -> . IF LPAREN expr RPAREN THEN statements ENDIF
    (44) if_stmt -> . IF LPAREN expr RPAREN THEN statements ELSE statements ENDIF
    (45) if_stmt -> . IF LPAREN expr RPAREN statement
    (46) do_stmt -> . DO INT_CONST ID EQUALS expr COMMA expr do_body do_end
    (47) do_stmt -> . DO INT_CONST ID EQUALS expr COMMA expr COMMA expr do_body do_end
    (51) goto_stmt -> . GOTO INT_CONST
    (52) continue_stmt -> . CONTINUE
    (53) print_stmt -> . PRINT TIMES COMMA expr_list
    (54) read_stmt -> . READ TIMES COMMA read_list
    (59) call_stmt -> . CALL ID
    (60) call_stmt -> . CALL ID LPAREN expr_list RPAREN
    (61) return_stmt -> . RETURN

    THEN            shift and go to state 145
    ID              shift and go to state 37
    IF              shift and go to state 51
    DO              shift and go to state 52
    GOTO            shift and go to state 53
    CONTINUE        shift and go to state 54
    PRINT           shift and go to state 55
    READ            shift and go to state 56
    CALL            shift and go to state 57
    RETURN          shift and go to state 58

    statement                      shift and go to state 146
    assign_stmt                    shift and go to state 42
    if_stmt                        shift and go to state 43
    do_stmt                        shift and go to state 44
    goto_stmt                      shift and go to state 45
    continue_stmt                  shift and go to state 46
    print_stmt                     shift and go to state 47
    read_stmt                      shift and go to state 48
    call_stmt                      shift and go to state 49
    return_stmt                    shift and go to state 50

state 119

    (46) do_stmt -> DO INT_CONST ID EQUALS . expr COMMA expr do_body do_end
    (47) do_stmt -> DO INT_CONST ID EQUALS . expr COMMA expr COMMA expr do_body do_end
    (64) expr -> . expr OR expr
    (65) expr -> . expr AND expr
    (66) expr -> . NOT expr
    (67) expr -> . expr EQ expr
    (68) expr -> . expr NE expr
    (69) expr -> . expr LT expr
    (70) expr -> . expr LE expr
    (71) expr -> . expr GT expr
    (72) expr -> . expr GE expr
    (73) expr -> . expr PLUS expr
    (74) expr -> . expr MINUS expr
    (75) expr -> . expr TIMES expr
    (76) expr -> . expr DIVIDE expr
    (77) expr -> . MINUS expr
    (78) expr -> . LPAREN expr RPAREN
    (79) expr -> . ID LPAREN expr_list RPAREN
    (80) expr -> . ID
    (81) expr -> . INT_CONST
    (82) expr -> . REAL_CONST
    (83) expr -> . STRING
    (84) expr -> . TRUE
    (85) expr -> . FALSE

    NOT             shift and go to state 82
    MINUS           shift and go to state 83
    LPAREN          shift and go to state 84
    ID              shift and go to state 80
    INT_CONST       shift and go to state 85
    REAL_CONST      shift and go to state 86
    STRING          shift and go to state 87
    TRUE            shift and go to state 88
    FALSE           shift and go to state 89

    expr                           shift and go to state 147

state 120

    (53) print_stmt -> PRINT TIMES COMMA expr_list .
    (62) expr_list -> expr_list . COMMA expr

    END             reduce using rule 53 (print_stmt -> PRINT TIMES COMMA expr_list .)
    INT_CONST       reduce using rule 53 (print_stmt -> PRINT TIMES COMMA expr_list .)
    ID              reduce using rule 53 (print_stmt -> PRINT TIMES COMMA expr_list .)
    IF              reduce using rule 53 (print_stmt -> PRINT TIMES COMMA expr_list .)
    DO              reduce using rule 53 (print_stmt -> PRINT TIMES COMMA expr_list .)
    GOTO            reduce using rule 53 (print_stmt -> PRINT TIMES COMMA expr_list .)
    CONTINUE        reduce using rule 53 (print_stmt -> PRINT TIMES COMMA expr_list .)
    PRINT           reduce using rule 53 (print_stmt -> PRINT TIMES COMMA expr_list .)
    READ            reduce using rule 53 (print_stmt -> PRINT TIMES COMMA expr_list .)
    CALL            reduce using rule 53 (print_stmt -> PRINT TIMES COMMA expr_list .)
    RETURN          reduce using rule 53 (print_stmt -> PRINT TIMES COMMA expr_list .)
    ENDIF           reduce using rule 53 (print_stmt -> PRINT TIMES COMMA expr_list .)
    ELSE            reduce using rule 53 (print_stmt -> PRINT TIMES COMMA expr_list .)
    COMMA           shift and go to state 148


state 121

    (63) expr_list -> expr .
    (64) expr -> expr . OR expr
    (65) expr -> expr . AND expr
    (67) expr -> expr . EQ expr
    (68) expr -> expr . NE expr
    (69) expr -> expr . LT expr
    (70) expr -> expr . LE expr
    (71) expr -> expr . GT expr
    (72) expr -> expr . GE expr
    (73) expr -> expr . PLUS expr
    (74) expr -> expr . MINUS expr
    (75) expr -> expr . TIMES expr
    (76) expr -> expr . DIVIDE expr

    COMMA           reduce using rule 63 (expr_list -> expr .)
    END             reduce using rule 63 (expr_list -> expr .)
    INT_CONST       reduce using rule 63 (expr_list -> expr .)
    ID              reduce using rule 63 (expr_list -> expr .)
    IF              reduce using rule 63 (expr_list -> expr .)
    DO              reduce using rule 63 (expr_list -> expr .)
    GOTO            reduce using rule 63 (expr_list -> expr .)
    CONTINUE        reduce using rule 63 (expr_list -> expr .)
    PRINT           reduce using rule 63 (expr_list -> expr .)
    READ            reduce using rule 63 (expr_list -> expr .)
    CALL            reduce using rule 63 (expr_list -> expr .)
    RETURN          reduce using rule 63 (expr_list -> expr .)
    ENDIF           reduce using rule 63 (expr_list -> expr .)
    ELSE            reduce using rule 63 (expr_list -> expr .)
    RPAREN          reduce using rule 63 (expr_list -> expr .)
    OR              shift and go to state 102
    AND             shift and go to state 103
    EQ              shift and go to state 104
    NE              shift and go to state 105
    LT              shift and go to state 106
    LE              shift and go to state 107
    GT              shift and go to state 108
    GE              shift and go to state 109
    PLUS            shift and go to state 110
    MINUS           shift and go to state 111
    TIMES           shift and go to state 112
    DIVIDE          shift and go to state 113


state 122

    (54) read_stmt -> READ TIMES COMMA read_list .
    (55) read_list -> read_list . COMMA read_item

    END             reduce using rule 54 (read_stmt -> READ TIMES COMMA read_list .)
    INT_CONST       reduce using rule 54 (read_stmt -> READ TIMES COMMA read_list .)
    ID              reduce using rule 54 (read_stmt -> READ TIMES COMMA read_list .)
    IF              reduce using rule 54 (read_stmt -> READ TIMES COMMA read_list .)
    DO              reduce using rule 54 (read_stmt -> READ TIMES COMMA read_list .)
    GOTO            reduce using rule 54 (read_stmt -> READ TIMES COMMA read_list .)
    CONTINUE        reduce using rule 54 (read_stmt -> READ TIMES COMMA read_list .)
    PRINT           reduce using rule 54 (read_stmt -> READ TIMES COMMA read_list .)
    READ            reduce using rule 54 (read_stmt -> READ TIMES COMMA read_list .)
    CALL            reduce using rule 54 (read_stmt -> READ TIMES COMMA read_list .)
    RETURN          reduce using rule 54 (read_stmt -> READ TIMES COMMA read_list .)
    ENDIF           reduce using rule 54 (read_stmt -> READ TIMES COMMA read_list .)
    ELSE            reduce using rule 54 (read_stmt -> READ TIMES COMMA read_list .)
    COMMA           shift and go to state 149


state 123

    (56) read_list -> read_item .

    COMMA           reduce using rule 56 (read_list -> read_item .)
    END             reduce using rule 56 (read_list -> read_item .)
    INT_CONST       reduce using rule 56 (read_list -> read_item .)
    ID              reduce using rule 56 (read_list -> read_item .)
    IF              reduce using rule 56 (read_list -> read_item .)
    DO              reduce using rule 56 (read_list -> read_item .)
    GOTO            reduce using rule 56 (read_list -> read_item .)
    CONTINUE        reduce using rule 56 (read_list -> read_item .)
    PRINT           reduce using rule 56 (read_list -> read_item .)
    READ            reduce using rule 56 (read_list -> read_item .)
    CALL            reduce using rule 56 (read_list -> read_item .)
    RETURN          reduce using rule 56 (read_list -> read_item .)
    ENDIF           reduce using rule 56 (read_list -> read_item .)
    ELSE            reduce using rule 56 (read_list -> read_item .)


state 124

    (57) read_item -> ID .
    (58) read_item -> ID . LPAREN expr RPAREN

    COMMA           reduce using rule 57 (read_item -> ID .)
    END             reduce using rule 57 (read_item -> ID .)
    INT_CONST       reduce using rule 57 (read_item -> ID .)
    ID              reduce using rule 57 (read_item -> ID .)
    IF              reduce using rule 57 (read_item -> ID .)
    DO              reduce using rule 57 (read_item -> ID .)
    GOTO            reduce using rule 57 (read_item -> ID .)
    CONTINUE        reduce using rule 57 (read_item -> ID .)
    PRINT           reduce using rule 57 (read_item -> ID .)
    READ            reduce using rule 57 (read_item -> ID .)
    CALL            reduce using rule 57 (read_item -> ID .)
    RETURN          reduce using rule 57 (read_item -> ID .)
    ENDIF           reduce using rule 57 (read_item -> ID .)
    ELSE            reduce using rule 57 (read_item -> ID .)
    LPAREN          shift and go to state 150


state 125

    (60) call_stmt -> CALL ID LPAREN expr_list . RPAREN
    (62) expr_list -> expr_list . COMMA expr

    RPAREN          shift and go to state 151
    COMMA           shift and go to state 148


state 126

    (27) id_decl -> ID LPAREN ID RPAREN .

    COMMA           reduce using rule 27 (id_decl -> ID LPAREN ID RPAREN .)
    INTEGER         reduce using rule 27 (id_decl -> ID LPAREN ID RPAREN .)
    REAL            reduce using rule 27 (id_decl -> ID LPAREN ID RPAREN .)
    LOGICAL         reduce using rule 27 (id_decl -> ID LPAREN ID RPAREN .)
    CHARACTER       reduce using rule 27 (id_decl -> ID LPAREN ID RPAREN .)
    END             reduce using rule 27 (id_decl -> ID LPAREN ID RPAREN .)
    INT_CONST       reduce using rule 27 (id_decl -> ID LPAREN ID RPAREN .)
    ID              reduce using rule 27 (id_decl -> ID LPAREN ID RPAREN .)
    IF              reduce using rule 27 (id_decl -> ID LPAREN ID RPAREN .)
    DO              reduce using rule 27 (id_decl -> ID LPAREN ID RPAREN .)
    GOTO            reduce using rule 27 (id_decl -> ID LPAREN ID RPAREN .)
    CONTINUE        reduce using rule 27 (id_decl -> ID LPAREN ID RPAREN .)
    PRINT           reduce using rule 27 (id_decl -> ID LPAREN ID RPAREN .)
    READ            reduce using rule 27 (id_decl -> ID LPAREN ID RPAREN .)
    CALL            reduce using rule 27 (id_decl -> ID LPAREN ID RPAREN .)
    RETURN          reduce using rule 27 (id_decl -> ID LPAREN ID RPAREN .)


state 127

    (26) id_decl -> ID LPAREN INT_CONST RPAREN .

    COMMA           reduce using rule 26 (id_decl -> ID LPAREN INT_CONST RPAREN .)
    INTEGER         reduce using rule 26 (id_decl -> ID LPAREN INT_CONST RPAREN .)
    REAL            reduce using rule 26 (id_decl -> ID LPAREN INT_CONST RPAREN .)
    LOGICAL         reduce using rule 26 (id_decl -> ID LPAREN INT_CONST RPAREN .)
    CHARACTER       reduce using rule 26 (id_decl -> ID LPAREN INT_CONST RPAREN .)
    END             reduce using rule 26 (id_decl -> ID LPAREN INT_CONST RPAREN .)
    INT_CONST       reduce using rule 26 (id_decl -> ID LPAREN INT_CONST RPAREN .)
    ID              reduce using rule 26 (id_decl -> ID LPAREN INT_CONST RPAREN .)
    IF              reduce using rule 26 (id_decl -> ID LPAREN INT_CONST RPAREN .)
    DO              reduce using rule 26 (id_decl -> ID LPAREN INT_CONST RPAREN .)
    GOTO            reduce using rule 26 (id_decl -> ID LPAREN INT_CONST RPAREN .)
    CONTINUE        reduce using rule 26 (id_decl -> ID LPAREN INT_CONST RPAREN .)
    PRINT           reduce using rule 26 (id_decl -> ID LPAREN INT_CONST RPAREN .)
    READ            reduce using rule 26 (id_decl -> ID LPAREN INT_CONST RPAREN .)
    CALL            reduce using rule 26 (id_decl -> ID LPAREN INT_CONST RPAREN .)
    RETURN          reduce using rule 26 (id_decl -> ID LPAREN INT_CONST RPAREN .)


state 128

    (7) function_def -> type FUNCTION ID LPAREN param_list_opt RPAREN declarations statements . END
    (28) statements -> statements . labeled_stmt
    (30) labeled_stmt -> . INT_CONST statement
    (31) labeled_stmt -> . statement
    (32) statement -> . assign_stmt
    (33) statement -> . if_stmt
    (34) statement -> . do_stmt
    (35) statement -> . goto_stmt
    (36) statement -> . continue_stmt
    (37) statement -> . print_stmt
    (38) statement -> . read_stmt
    (39) statement -> . call_stmt
    (40) statement -> . return_stmt
    (41) assign_stmt -> . ID EQUALS expr
    (42) assign_stmt -> . ID LPAREN expr RPAREN EQUALS expr
    (43) if_stmt -> . IF LPAREN expr RPAREN THEN statements ENDIF
    (44) if_stmt -> . IF LPAREN expr RPAREN THEN statements ELSE statements ENDIF
    (45) if_stmt -> . IF LPAREN expr RPAREN statement
    (46) do_stmt -> . DO INT_CONST ID EQUALS expr COMMA expr do_body do_end
    (47) do_stmt -> . DO INT_CONST ID EQUALS expr COMMA expr COMMA expr do_body do_end
    (51) goto_stmt -> . GOTO INT_CONST
    (52) continue_stmt -> . CONTINUE
    (53) print_stmt -> . PRINT TIMES COMMA expr_list
    (54) read_stmt -> . READ TIMES COMMA read_list
    (59) call_stmt -> . CALL ID
    (60) call_stmt -> . CALL ID LPAREN expr_list RPAREN
    (61) return_stmt -> . RETURN

    END             shift and go to state 152
    INT_CONST       shift and go to state 40
    ID              shift and go to state 37
    IF              shift and go to state 51
    DO              shift and go to state 52
    GOTO            shift and go to state 53
    CONTINUE        shift and go to state 54
    PRINT           shift and go to state 55
    READ            shift and go to state 56
    CALL            shift and go to state 57
    RETURN          shift and go to state 58

    labeled_stmt                   shift and go to state 39
    statement                      shift and go to state 41
    assign_stmt                    shift and go to state 42
    if_stmt                        shift and go to state 43
    do_stmt                        shift and go to state 44
    goto_stmt                      shift and go to state 45
    continue_stmt                  shift and go to state 46
    print_stmt                     shift and go to state 47
    read_stmt                      shift and go to state 48
    call_stmt                      shift and go to state 49
    return_stmt                    shift and go to state 50

state 129

    (8) subroutine_def -> SUBROUTINE ID LPAREN param_list_opt RPAREN declarations statements END .

    PROGRAM         reduce using rule 8 (subroutine_def -> SUBROUTINE ID LPAREN param_list_opt RPAREN declarations statements END .)
    SUBROUTINE      reduce using rule 8 (subroutine_def -> SUBROUTINE ID LPAREN param_list_opt RPAREN declarations statements END .)
    INTEGER         reduce using rule 8 (subroutine_def -> SUBROUTINE ID LPAREN param_list_opt RPAREN declarations statements END .)
    REAL            reduce using rule 8 (subroutine_def -> SUBROUTINE ID LPAREN param_list_opt RPAREN declarations statements END .)
    LOGICAL         reduce using rule 8 (subroutine_def -> SUBROUTINE ID LPAREN param_list_opt RPAREN declarations statements END .)
    CHARACTER       reduce using rule 8 (subroutine_def -> SUBROUTINE ID LPAREN param_list_opt RPAREN declarations statements END .)
    $end            reduce using rule 8 (subroutine_def -> SUBROUTINE ID LPAREN param_list_opt RPAREN declarations statements END .)


state 130

    (79) expr -> ID LPAREN expr_list . RPAREN
    (62) expr_list -> expr_list . COMMA expr

    RPAREN          shift and go to state 153
    COMMA           shift and go to state 148


state 131

    (64) expr -> expr OR expr .
    (64) expr -> expr . OR expr
    (65) expr -> expr . AND expr
    (67) expr -> expr . EQ expr
    (68) expr -> expr . NE expr
    (69) expr -> expr . LT expr
    (70) expr -> expr . LE expr
    (71) expr -> expr . GT expr
    (72) expr -> expr . GE expr
    (73) expr -> expr . PLUS expr
    (74) expr -> expr . MINUS expr
    (75) expr -> expr . TIMES expr
    (76) expr -> expr . DIVIDE expr

    OR              reduce using rule 64 (expr -> expr OR expr .)
    END             reduce using rule 64 (expr -> expr OR expr .)
    INT_CONST       reduce using rule 64 (expr -> expr OR expr .)
    ID              reduce using rule 64 (expr -> expr OR expr .)
    IF              reduce using rule 64 (expr -> expr OR expr .)
    DO              reduce using rule 64 (expr -> expr OR expr .)
    GOTO            reduce using rule 64 (expr -> expr OR expr .)
    CONTINUE        reduce using rule 64 (expr -> expr OR expr .)
    PRINT           reduce using rule 64 (expr -> expr OR expr .)
    READ            reduce using rule 64 (expr -> expr OR expr .)
    CALL            reduce using rule 64 (expr -> expr OR expr .)
    RETURN          reduce using rule 64 (expr -> expr OR expr .)
    ENDIF           reduce using rule 64 (expr -> expr OR expr .)
    ELSE            reduce using rule 64 (expr -> expr OR expr .)
    RPAREN          reduce using rule 64 (expr -> expr OR expr .)
    COMMA           reduce using rule 64 (expr -> expr OR expr .)
    AND             shift and go to state 103
    EQ              shift and go to state 104
    NE              shift and go to state 105
    LT              shift and go to state 106
    LE              shift and go to state 107
    GT              shift and go to state 108
    GE              shift and go to state 109
    PLUS            shift and go to state 110
    MINUS           shift and go to state 111
    TIMES           shift and go to state 112
    DIVIDE          shift and go to state 113

  ! AND             [ reduce using rule 64 (expr -> expr OR expr .) ]
  ! EQ              [ reduce using rule 64 (expr -> expr OR expr .) ]
  ! NE              [ reduce using rule 64 (expr -> expr OR expr .) ]
  ! LT              [ reduce using rule 64 (expr -> expr OR expr .) ]
  ! LE              [ reduce using rule 64 (expr -> expr OR expr .) ]
  ! GT              [ reduce using rule 64 (expr -> expr OR expr .) ]
  ! GE              [ reduce using rule 64 (expr -> expr OR expr .) ]
  ! PLUS            [ reduce using rule 64 (expr -> expr OR expr .) ]
  ! MINUS           [ reduce using rule 64 (expr -> expr OR expr .) ]
  ! TIMES           [ reduce using rule 64 (expr -> expr OR expr .) ]
  ! DIVIDE          [ reduce using rule 64 (expr -> expr OR expr .) ]
  ! OR              [ shift and go to state 102 ]


state 132

    (65) expr -> expr AND expr .
    (64) expr -> expr . OR expr
    (65) expr -> expr . AND expr
    (67) expr -> expr . EQ expr
    (68) expr -> expr . NE expr
    (69) expr -> expr . LT expr
    (70) expr -> expr . LE expr
    (71) expr -> expr . GT expr
    (72) expr -> expr . GE expr
    (73) expr -> expr . PLUS expr
    (74) expr -> expr . MINUS expr
    (75) expr -> expr . TIMES expr
    (76) expr -> expr . DIVIDE expr

    OR              reduce using rule 65 (expr -> expr AND expr .)
    AND             reduce using rule 65 (expr -> expr AND expr .)
    END             reduce using rule 65 (expr -> expr AND expr .)
    INT_CONST       reduce using rule 65 (expr -> expr AND expr .)
    ID              reduce using rule 65 (expr -> expr AND expr .)
    IF              reduce using rule 65 (expr -> expr AND expr .)
    DO              reduce using rule 65 (expr -> expr AND expr .)
    GOTO            reduce using rule 65 (expr -> expr AND expr .)
    CONTINUE        reduce using rule 65 (expr -> expr AND expr .)
    PRINT           reduce using rule 65 (expr -> expr AND expr .)
    READ            reduce using rule 65 (expr -> expr AND expr .)
    CALL            reduce using rule 65 (expr -> expr AND expr .)
    RETURN          reduce using rule 65 (expr -> expr AND expr .)
    ENDIF           reduce using rule 65 (expr -> expr AND expr .)
    ELSE            reduce using rule 65 (expr -> expr AND expr .)
    RPAREN          reduce using rule 65 (expr -> expr AND expr .)
    COMMA           reduce using rule 65 (expr -> expr AND expr .)
    EQ              shift and go to state 104
    NE              shift and go to state 105
    LT              shift and go to state 106
    LE              shift and go to state 107
    GT              shift and go to state 108
    GE              shift and go to state 109
    PLUS            shift and go to state 110
    MINUS           shift and go to state 111
    TIMES           shift and go to state 112
    DIVIDE          shift and go to state 113

  ! EQ              [ reduce using rule 65 (expr -> expr AND expr .) ]
  ! NE              [ reduce using rule 65 (expr -> expr AND expr .) ]
  ! LT              [ reduce using rule 65 (expr -> expr AND expr .) ]
  ! LE              [ reduce using rule 65 (expr -> expr AND expr .) ]
  ! GT              [ reduce using rule 65 (expr -> expr AND expr .) ]
  ! GE              [ reduce using rule 65 (expr -> expr AND expr .) ]
  ! PLUS            [ reduce using rule 65 (expr -> expr AND expr .) ]
  ! MINUS           [ reduce using rule 65 (expr -> expr AND expr .) ]
  ! TIMES           [ reduce using rule 65 (expr -> expr AND expr .) ]
  ! DIVIDE          [ reduce using rule 65 (expr -> expr AND expr .) ]
  ! OR              [ shift and go to state 102 ]
  ! AND             [ shift and go to state 103 ]


state 133

    (67) expr -> expr EQ expr .
    (64) expr -> expr . OR expr
    (65) expr -> expr . AND expr
    (67) expr -> expr . EQ expr
    (68) expr -> expr . NE expr
    (69) expr -> expr . LT expr
    (70) expr -> expr . LE expr
    (71) expr -> expr . GT expr
    (72) expr -> expr . GE expr
    (73) expr -> expr . PLUS expr
    (74) expr -> expr . MINUS expr
    (75) expr -> expr . TIMES expr
    (76) expr -> expr . DIVIDE expr

    OR              reduce using rule 67 (expr -> expr EQ expr .)
    AND             reduce using rule 67 (expr -> expr EQ expr .)
    EQ              reduce using rule 67 (expr -> expr EQ expr .)
    NE              reduce using rule 67 (expr -> expr EQ expr .)
    LT              reduce using rule 67 (expr -> expr EQ expr .)
    LE              reduce using rule 67 (expr -> expr EQ expr .)
    GT              reduce using rule 67 (expr -> expr EQ expr .)
    GE              reduce using rule 67 (expr -> expr EQ expr .)
    END             reduce using rule 67 (expr -> expr EQ expr .)
    INT_CONST       reduce using rule 67 (expr -> expr EQ expr .)
    ID              reduce using rule 67 (expr -> expr EQ expr .)
    IF              reduce using rule 67 (expr -> expr EQ expr .)
    DO              reduce using rule 67 (expr -> expr EQ expr .)
    GOTO            reduce using rule 67 (expr -> expr EQ expr .)
    CONTINUE        reduce using rule 67 (expr -> expr EQ expr .)
    PRINT           reduce using rule 67 (expr -> expr EQ expr .)
    READ            reduce using rule 67 (expr -> expr EQ expr .)
    CALL            reduce using rule 67 (expr -> expr EQ expr .)
    RETURN          reduce using rule 67 (expr -> expr EQ expr .)
    ENDIF           reduce using rule 67 (expr -> expr EQ expr .)
    ELSE            reduce using rule 67 (expr -> expr EQ expr .)
    RPAREN          reduce using rule 67 (expr -> expr EQ expr .)
    COMMA           reduce using rule 67 (expr -> expr EQ expr .)
    PLUS            shift and go to state 110
    MINUS           shift and go to state 111
    TIMES           shift and go to state 112
    DIVIDE          shift and go to state 113

  ! PLUS            [ reduce using rule 67 (expr -> expr EQ expr .) ]
  ! MINUS           [ reduce using rule 67 (expr -> expr EQ expr .) ]
  ! TIMES           [ reduce using rule 67 (expr -> expr EQ expr .) ]
  ! DIVIDE          [ reduce using rule 67 (expr -> expr EQ expr .) ]
  ! OR              [ shift and go to state 102 ]
  ! AND             [ shift and go to state 103 ]
  ! EQ              [ shift and go to state 104 ]
  ! NE              [ shift and go to state 105 ]
  ! LT              [ shift and go to state 106 ]
  ! LE              [ shift and go to state 107 ]
  ! GT              [ shift and go to state 108 ]
  ! GE              [ shift and go to state 109 ]


state 134

    (68) expr -> expr NE expr .
    (64) expr -> expr . OR expr
    (65) expr -> expr . AND expr
    (67) expr -> expr . EQ expr
    (68) expr -> expr . NE expr
    (69) expr -> expr . LT expr
    (70) expr -> expr . LE expr
    (71) expr -> expr . GT expr
    (72) expr -> expr . GE expr
    (73) expr -> expr . PLUS expr
    (74) expr -> expr . MINUS expr
    (75) expr -> expr . TIMES expr
    (76) expr -> expr . DIVIDE expr

    OR              reduce using rule 68 (expr -> expr NE expr .)
    AND             reduce using rule 68 (expr -> expr NE expr .)
    EQ              reduce using rule 68 (expr -> expr NE expr .)
    NE              reduce using rule 68 (expr -> expr NE expr .)
    LT              reduce using rule 68 (expr -> expr NE expr .)
    LE              reduce using rule 68 (expr -> expr NE expr .)
    GT              reduce using rule 68 (expr -> expr NE expr .)
    GE              reduce using rule 68 (expr -> expr NE expr .)
    END             reduce using rule 68 (expr -> expr NE expr .)
    INT_CONST       reduce using rule 68 (expr -> expr NE expr .)
    ID              reduce using rule 68 (expr -> expr NE expr .)
    IF              reduce using rule 68 (expr -> expr NE expr .)
    DO              reduce using rule 68 (expr -> expr NE expr .)
    GOTO            reduce using rule 68 (expr -> expr NE expr .)
    CONTINUE        reduce using rule 68 (expr -> expr NE expr .)
    PRINT           reduce using rule 68 (expr -> expr NE expr .)
    READ            reduce using rule 68 (expr -> expr NE expr .)
    CALL            reduce using rule 68 (expr -> expr NE expr .)
    RETURN          reduce using rule 68 (expr -> expr NE expr .)
    ENDIF           reduce using rule 68 (expr -> expr NE expr .)
    ELSE            reduce using rule 68 (expr -> expr NE expr .)
    RPAREN          reduce using rule 68 (expr -> expr NE expr .)
    COMMA           reduce using rule 68 (expr -> expr NE expr .)
    PLUS            shift and go to state 110
    MINUS           shift and go to state 111
    TIMES           shift and go to state 112
    DIVIDE          shift and go to state 113

  ! PLUS            [ reduce using rule 68 (expr -> expr NE expr .) ]
  ! MINUS           [ reduce using rule 68 (expr -> expr NE expr .) ]
  ! TIMES           [ reduce using rule 68 (expr -> expr NE expr .) ]
  ! DIVIDE          [ reduce using rule 68 (expr -> expr NE expr .) ]
  ! OR              [ shift and go to state 102 ]
  ! AND             [ shift and go to state 103 ]
  ! EQ              [ shift and go to state 104 ]
  ! NE              [ shift and go to state 105 ]
  ! LT              [ shift and go to state 106 ]
  ! LE              [ shift and go to state 107 ]
  ! GT              [ shift and go to state 108 ]
  ! GE              [ shift and go to state 109 ]


state 135

    (69) expr -> expr LT expr .
    (64) expr -> expr . OR expr
    (65) expr -> expr . AND expr
    (67) expr -> expr . EQ expr
    (68) expr -> expr . NE expr
    (69) expr -> expr . LT expr
    (70) expr -> expr . LE expr
    (71) expr -> expr . GT expr
    (72) expr -> expr . GE expr
    (73) expr -> expr . PLUS expr
    (74) expr -> expr . MINUS expr
    (75) expr -> expr . TIMES expr
    (76) expr -> expr . DIVIDE expr

    OR              reduce using rule 69 (expr -> expr LT expr .)
    AND             reduce using rule 69 (expr -> expr LT expr .)
    EQ              reduce using rule 69 (expr -> expr LT expr .)
    NE              reduce using rule 69 (expr -> expr LT expr .)
    LT              reduce using rule 69 (expr -> expr LT expr .)
    LE              reduce using rule 69 (expr -> expr LT expr .)
    GT              reduce using rule 69 (expr -> expr LT expr .)
    GE              reduce using rule 69 (expr -> expr LT expr .)
    END             reduce using rule 69 (expr -> expr LT expr .)
    INT_CONST       reduce using rule 69 (expr -> expr LT expr .)
    ID              reduce using rule 69 (expr -> expr LT expr .)
    IF              reduce using rule 69 (expr -> expr LT expr .)
    DO              reduce using rule 69 (expr -> expr LT expr .)
    GOTO            reduce using rule 69 (expr -> expr LT expr .)
    CONTINUE        reduce using rule 69 (expr -> expr LT expr .)
    PRINT           reduce using rule 69 (expr -> expr LT expr .)
    READ            reduce using rule 69 (expr -> expr LT expr .)
    CALL            reduce using rule 69 (expr -> expr LT expr .)
    RETURN          reduce using rule 69 (expr -> expr LT expr .)
    ENDIF           reduce using rule 69 (expr -> expr LT expr .)
    ELSE            reduce using rule 69 (expr -> expr LT expr .)
    RPAREN          reduce using rule 69 (expr -> expr LT expr .)
    COMMA           reduce using rule 69 (expr -> expr LT expr .)
    PLUS            shift and go to state 110
    MINUS           shift and go to state 111
    TIMES           shift and go to state 112
    DIVIDE          shift and go to state 113

  ! PLUS            [ reduce using rule 69 (expr -> expr LT expr .) ]
  ! MINUS           [ reduce using rule 69 (expr -> expr LT expr .) ]
  ! TIMES           [ reduce using rule 69 (expr -> expr LT expr .) ]
  ! DIVIDE          [ reduce using rule 69 (expr -> expr LT expr .) ]
  ! OR              [ shift and go to state 102 ]
  ! AND             [ shift and go to state 103 ]
  ! EQ              [ shift and go to state 104 ]
  ! NE              [ shift and go to state 105 ]
  ! LT              [ shift and go to state 106 ]
  ! LE              [ shift and go to state 107 ]
  ! GT              [ shift and go to state 108 ]
  ! GE              [ shift and go to state 109 ]


state 136

    (70) expr -> expr LE expr .
    (64) expr -> expr . OR expr
    (65) expr -> expr . AND expr
    (67) expr -> expr . EQ expr
    (68) expr -> expr . NE expr
    (69) expr -> expr . LT expr
    (70) expr -> expr . LE expr
    (71) expr -> expr . GT expr
    (72) expr -> expr . GE expr
    (73) expr -> expr . PLUS expr
    (74) expr -> expr . MINUS expr
    (75) expr -> expr . TIMES expr
    (76) expr -> expr . DIVIDE expr

    OR              reduce using rule 70 (expr -> expr LE expr .)
    AND             reduce using rule 70 (expr -> expr LE expr .)
    EQ              reduce using rule 70 (expr -> expr LE expr .)
    NE              reduce using rule 70 (expr -> expr LE expr .)
    LT              reduce using rule 70 (expr -> expr LE expr .)
    LE              reduce using rule 70 (expr -> expr LE expr .)
    GT              reduce using rule 70 (expr -> expr LE expr .)
    GE              reduce using rule 70 (expr -> expr LE expr .)
    END             reduce using rule 70 (expr -> expr LE expr .)
    INT_CONST       reduce using rule 70 (expr -> expr LE expr .)
    ID              reduce using rule 70 (expr -> expr LE expr .)
    IF              reduce using rule 70 (expr -> expr LE expr .)
    DO              reduce using rule 70 (expr -> expr LE expr .)
    GOTO            reduce using rule 70 (expr -> expr LE expr .)
    CONTINUE        reduce using rule 70 (expr -> expr LE expr .)
    PRINT           reduce using rule 70 (expr -> expr LE expr .)
    READ            reduce using rule 70 (expr -> expr LE expr .)
    CALL            reduce using rule 70 (expr -> expr LE expr .)
    RETURN          reduce using rule 70 (expr -> expr LE expr .)
    ENDIF           reduce using rule 70 (expr -> expr LE expr .)
    ELSE            reduce using rule 70 (expr -> expr LE expr .)
    RPAREN          reduce using rule 70 (expr -> expr LE expr .)
    COMMA           reduce using rule 70 (expr -> expr LE expr .)
    PLUS            shift and go to state 110
    MINUS           shift and go to state 111
    TIMES           shift and go to state 112
    DIVIDE          shift and go to state 113

  ! PLUS            [ reduce using rule 70 (expr -> expr LE expr .) ]
  ! MINUS           [ reduce using rule 70 (expr -> expr LE expr .) ]
  ! TIMES           [ reduce using rule 70 (expr -> expr LE expr .) ]
  ! DIVIDE          [ reduce using rule 70 (expr -> expr LE expr .) ]
  ! OR              [ shift and go to state 102 ]
  ! AND             [ shift and go to state 103 ]
  ! EQ              [ shift and go to state 104 ]
  ! NE              [ shift and go to state 105 ]
  ! LT              [ shift and go to state 106 ]
  ! LE              [ shift and go to state 107 ]
  ! GT              [ shift and go to state 108 ]
  ! GE              [ shift and go to state 109 ]


state 137

    (71) expr -> expr GT expr .
    (64) expr -> expr . OR expr
    (65) expr -> expr . AND expr
    (67) expr -> expr . EQ expr
    (68) expr -> expr . NE expr
    (69) expr -> expr . LT expr
    (70) expr -> expr . LE expr
    (71) expr -> expr . GT expr
    (72) expr -> expr . GE expr
    (73) expr -> expr . PLUS expr
    (74) expr -> expr . MINUS expr
    (75) expr -> expr . TIMES expr
    (76) expr -> expr . DIVIDE expr

    OR              reduce using rule 71 (expr -> expr GT expr .)
    AND             reduce using rule 71 (expr -> expr GT expr .)
    EQ              reduce using rule 71 (expr -> expr GT expr .)
    NE              reduce using rule 71 (expr -> expr GT expr .)
    LT              reduce using rule 71 (expr -> expr GT expr .)
    LE              reduce using rule 71 (expr -> expr GT expr .)
    GT              reduce using rule 71 (expr -> expr GT expr .)
    GE              reduce using rule 71 (expr -> expr GT expr .)
    END             reduce using rule 71 (expr -> expr GT expr .)
    INT_CONST       reduce using rule 71 (expr -> expr GT expr .)
    ID              reduce using rule 71 (expr -> expr GT expr .)
    IF              reduce using rule 71 (expr -> expr GT expr .)
    DO              reduce using rule 71 (expr -> expr GT expr .)
    GOTO            reduce using rule 71 (expr -> expr GT expr .)
    CONTINUE        reduce using rule 71 (expr -> expr GT expr .)
    PRINT           reduce using rule 71 (expr -> expr GT expr .)
    READ            reduce using rule 71 (expr -> expr GT expr .)
    CALL            reduce using rule 71 (expr -> expr GT expr .)
    RETURN          reduce using rule 71 (expr -> expr GT expr .)
    ENDIF           reduce using rule 71 (expr -> expr GT expr .)
    ELSE            reduce using rule 71 (expr -> expr GT expr .)
    RPAREN          reduce using rule 71 (expr -> expr GT expr .)
    COMMA           reduce using rule 71 (expr -> expr GT expr .)
    PLUS            shift and go to state 110
    MINUS           shift and go to state 111
    TIMES           shift and go to state 112
    DIVIDE          shift and go to state 113

  ! PLUS            [ reduce using rule 71 (expr -> expr GT expr .) ]
  ! MINUS           [ reduce using rule 71 (expr -> expr GT expr .) ]
  ! TIMES           [ reduce using rule 71 (expr -> expr GT expr .) ]
  ! DIVIDE          [ reduce using rule 71 (expr -> expr GT expr .) ]
  ! OR              [ shift and go to state 102 ]
  ! AND             [ shift and go to state 103 ]
  ! EQ              [ shift and go to state 104 ]
  ! NE              [ shift and go to state 105 ]
  ! LT              [ shift and go to state 106 ]
  ! LE              [ shift and go to state 107 ]
  ! GT              [ shift and go to state 108 ]
  ! GE              [ shift and go to state 109 ]


state 138

    (72) expr -> expr GE expr .
    (64) expr -> expr . OR expr
    (65) expr -> expr . AND expr
    (67) expr -> expr . EQ expr
    (68) expr -> expr . NE expr
    (69) expr -> expr . LT expr
    (70) expr -> expr . LE expr
    (71) expr -> expr . GT expr
    (72) expr -> expr . GE expr
    (73) expr -> expr . PLUS expr
    (74) expr -> expr . MINUS expr
    (75) expr -> expr . TIMES expr
    (76) expr -> expr . DIVIDE expr

    OR              reduce using rule 72 (expr -> expr GE expr .)
    AND             reduce using rule 72 (expr -> expr GE expr .)
    EQ              reduce using rule 72 (expr -> expr GE expr .)
    NE              reduce using rule 72 (expr -> expr GE expr .)
    LT              reduce using rule 72 (expr -> expr GE expr .)
    LE              reduce using rule 72 (expr -> expr GE expr .)
    GT              reduce using rule 72 (expr -> expr GE expr .)
    GE              reduce using rule 72 (expr -> expr GE expr .)
    END             reduce using rule 72 (expr -> expr GE expr .)
    INT_CONST       reduce using rule 72 (expr -> expr GE expr .)
    ID              reduce using rule 72 (expr -> expr GE expr .)
    IF              reduce using rule 72 (expr -> expr GE expr .)
    DO              reduce using rule 72 (expr -> expr GE expr .)
    GOTO            reduce using rule 72 (expr -> expr GE expr .)
    CONTINUE        reduce using rule 72 (expr -> expr GE expr .)
    PRINT           reduce using rule 72 (expr -> expr GE expr .)
    READ            reduce using rule 72 (expr -> expr GE expr .)
    CALL            reduce using rule 72 (expr -> expr GE expr .)
    RETURN          reduce using rule 72 (expr -> expr GE expr .)
    ENDIF           reduce using rule 72 (expr -> expr GE expr .)
    ELSE            reduce using rule 72 (expr -> expr GE expr .)
    RPAREN          reduce using rule 72 (expr -> expr GE expr .)
    COMMA           reduce using rule 72 (expr -> expr GE expr .)
    PLUS            shift and go to state 110
    MINUS           shift and go to state 111
    TIMES           shift and go to state 112
    DIVIDE          shift and go to state 113

  ! PLUS            [ reduce using rule 72 (expr -> expr GE expr .) ]
  ! MINUS           [ reduce using rule 72 (expr -> expr GE expr .) ]
  ! TIMES           [ reduce using rule 72 (expr -> expr GE expr .) ]
  ! DIVIDE          [ reduce using rule 72 (expr -> expr GE expr .) ]
  ! OR              [ shift and go to state 102 ]
  ! AND             [ shift and go to state 103 ]
  ! EQ              [ shift and go to state 104 ]
  ! NE              [ shift and go to state 105 ]
  ! LT              [ shift and go to state 106 ]
  ! LE              [ shift and go to state 107 ]
  ! GT              [ shift and go to state 108 ]
  ! GE              [ shift and go to state 109 ]


state 139

    (73) expr -> expr PLUS expr .
    (64) expr -> expr . OR expr
    (65) expr -> expr . AND expr
    (67) expr -> expr . EQ expr
    (68) expr -> expr . NE expr
    (69) expr -> expr . LT expr
    (70) expr -> expr . LE expr
    (71) expr -> expr . GT expr
    (72) expr -> expr . GE expr
    (73) expr -> expr . PLUS expr
    (74) expr -> expr . MINUS expr
    (75) expr -> expr . TIMES expr
    (76) expr -> expr . DIVIDE expr

    OR              reduce using rule 73 (expr -> expr PLUS expr .)
    AND             reduce using rule 73 (expr -> expr PLUS expr .)
    EQ              reduce using rule 73 (expr -> expr PLUS expr .)
    NE              reduce using rule 73 (expr -> expr PLUS expr .)
    LT              reduce using rule 73 (expr -> expr PLUS expr .)
    LE              reduce using rule 73 (expr -> expr PLUS expr .)
    GT              reduce using rule 73 (expr -> expr PLUS expr .)
    GE              reduce using rule 73 (expr -> expr PLUS expr .)
    PLUS            reduce using rule 73 (expr -> expr PLUS expr .)
    MINUS           reduce using rule 73 (expr -> expr PLUS expr .)
    END             reduce using rule 73 (expr -> expr PLUS expr .)
    INT_CONST       reduce using rule 73 (expr -> expr PLUS expr .)
    ID              reduce using rule 73 (expr -> expr PLUS expr .)
    IF              reduce using rule 73 (expr -> expr PLUS expr .)
    DO              reduce using rule 73 (expr -> expr PLUS expr .)
    GOTO            reduce using rule 73 (expr -> expr PLUS expr .)
    CONTINUE        reduce using rule 73 (expr -> expr PLUS expr .)
    PRINT           reduce using rule 73 (expr -> expr PLUS expr .)
    READ            reduce using rule 73 (expr -> expr PLUS expr .)
    CALL            reduce using rule 73 (expr -> expr PLUS expr .)
    RETURN          reduce using rule 73 (expr -> expr PLUS expr .)
    ENDIF           reduce using rule 73 (expr -> expr PLUS expr .)
    ELSE            reduce using rule 73 (expr -> expr PLUS expr .)
    RPAREN          reduce using rule 73 (expr -> expr PLUS expr .)
    COMMA           reduce using rule 73 (expr -> expr PLUS expr .)
    TIMES           shift and go to state 112
    DIVIDE          shift and go to state 113

  ! TIMES           [ reduce using rule 73 (expr -> expr PLUS expr .) ]
  ! DIVIDE          [ reduce using rule 73 (expr -> expr PLUS expr .) ]
  ! OR              [ shift and go to state 102 ]
  ! AND             [ shift and go to state 103 ]
  ! EQ              [ shift and go to state 104 ]
  ! NE              [ shift and go to state 105 ]
  ! LT              [ shift and go to state 106 ]
  ! LE              [ shift and go to state 107 ]
  ! GT              [ shift and go to state 108 ]
  ! GE              [ shift and go to state 109 ]
  ! PLUS            [ shift and go to state 110 ]
  ! MINUS           [ shift and go to state 111 ]


state 140

    (74) expr -> expr MINUS expr .
    (64) expr -> expr . OR expr
    (65) expr -> expr . AND expr
    (67) expr -> expr . EQ expr
    (68) expr -> expr . NE expr
    (69) expr -> expr . LT expr
    (70) expr -> expr . LE expr
    (71) expr -> expr . GT expr
    (72) expr -> expr . GE expr
    (73) expr -> expr . PLUS expr
    (74) expr -> expr . MINUS expr
    (75) expr -> expr . TIMES expr
    (76) expr -> expr . DIVIDE expr

    OR              reduce using rule 74 (expr -> expr MINUS expr .)
    AND             reduce using rule 74 (expr -> expr MINUS expr .)
    EQ              reduce using rule 74 (expr -> expr MINUS expr .)
    NE              reduce using rule 74 (expr -> expr MINUS expr .)
    LT              reduce using rule 74 (expr -> expr MINUS expr .)
    LE              reduce using rule 74 (expr -> expr MINUS expr .)
    GT              reduce using rule 74 (expr -> expr MINUS expr .)
    GE              reduce using rule 74 (expr -> expr MINUS expr .)
    PLUS            reduce using rule 74 (expr -> expr MINUS expr .)
    MINUS           reduce using rule 74 (expr -> expr MINUS expr .)
    END             reduce using rule 74 (expr -> expr MINUS expr .)
    INT_CONST       reduce using rule 74 (expr -> expr MINUS expr .)
    ID              reduce using rule 74 (expr -> expr MINUS expr .)
    IF              reduce using rule 74 (expr -> expr MINUS expr .)
    DO              reduce using rule 74 (expr -> expr MINUS expr .)
    GOTO            reduce using rule 74 (expr -> expr MINUS expr .)
    CONTINUE        reduce using rule 74 (expr -> expr MINUS expr .)
    PRINT           reduce using rule 74 (expr -> expr MINUS expr .)
    READ            reduce using rule 74 (expr -> expr MINUS expr .)
    CALL            reduce using rule 74 (expr -> expr MINUS expr .)
    RETURN          reduce using rule 74 (expr -> expr MINUS expr .)
    ENDIF           reduce using rule 74 (expr -> expr MINUS expr .)
    ELSE            reduce using rule 74 (expr -> expr MINUS expr .)
    RPAREN          reduce using rule 74 (expr -> expr MINUS expr .)
    COMMA           reduce using rule 74 (expr -> expr MINUS expr .)
    TIMES           shift and go to state 112
    DIVIDE          shift and go to state 113

  ! TIMES           [ reduce using rule 74 (expr -> expr MINUS expr .) ]
  ! DIVIDE          [ reduce using rule 74 (expr -> expr MINUS expr .) ]
  ! OR              [ shift and go to state 102 ]
  ! AND             [ shift and go to state 103 ]
  ! EQ              [ shift and go to state 104 ]
  ! NE              [ shift and go to state 105 ]
  ! LT              [ shift and go to state 106 ]
  ! LE              [ shift and go to state 107 ]
  ! GT              [ shift and go to state 108 ]
  ! GE              [ shift and go to state 109 ]
  ! PLUS            [ shift and go to state 110 ]
  ! MINUS           [ shift and go to state 111 ]


state 141

    (75) expr -> expr TIMES expr .
    (64) expr -> expr . OR expr
    (65) expr -> expr . AND expr
    (67) expr -> expr . EQ expr
    (68) expr -> expr . NE expr
    (69) expr -> expr . LT expr
    (70) expr -> expr . LE expr
    (71) expr -> expr . GT expr
    (72) expr -> expr . GE expr
    (73) expr -> expr . PLUS expr
    (74) expr -> expr . MINUS expr
    (75) expr -> expr . TIMES expr
    (76) expr -> expr . DIVIDE expr

    OR              reduce using rule 75 (expr -> expr TIMES expr .)
    AND             reduce using rule 75 (expr -> expr TIMES expr .)
    EQ              reduce using rule 75 (expr -> expr TIMES expr .)
    NE              reduce using rule 75 (expr -> expr TIMES expr .)
    LT              reduce using rule 75 (expr -> expr TIMES expr .)
    LE              reduce using rule 75 (expr -> expr TIMES expr .)
    GT              reduce using rule 75 (expr -> expr TIMES expr .)
    GE              reduce using rule 75 (expr -> expr TIMES expr .)
    PLUS            reduce using rule 75 (expr -> expr TIMES expr .)
    MINUS           reduce using rule 75 (expr -> expr TIMES expr .)
    TIMES           reduce using rule 75 (expr -> expr TIMES expr .)
    DIVIDE          reduce using rule 75 (expr -> expr TIMES expr .)
    END             reduce using rule 75 (expr -> expr TIMES expr .)
    INT_CONST       reduce using rule 75 (expr -> expr TIMES expr .)
    ID              reduce using rule 75 (expr -> expr TIMES expr .)
    IF              reduce using rule 75 (expr -> expr TIMES expr .)
    DO              reduce using rule 75 (expr -> expr TIMES expr .)
    GOTO            reduce using rule 75 (expr -> expr TIMES expr .)
    CONTINUE        reduce using rule 75 (expr -> expr TIMES expr .)
    PRINT           reduce using rule 75 (expr -> expr TIMES expr .)
    READ            reduce using rule 75 (expr -> expr TIMES expr .)
    CALL            reduce using rule 75 (expr -> expr TIMES expr .)
    RETURN          reduce using rule 75 (expr -> expr TIMES expr .)
    ENDIF           reduce using rule 75 (expr -> expr TIMES expr .)
    ELSE            reduce using rule 75 (expr -> expr TIMES expr .)
    RPAREN          reduce using rule 75 (expr -> expr TIMES expr .)
    COMMA           reduce using rule 75 (expr -> expr TIMES expr .)

  ! OR              [ shift and go to state 102 ]
  ! AND             [ shift and go to state 103 ]
  ! EQ              [ shift and go to state 104 ]
  ! NE              [ shift and go to state 105 ]
  ! LT              [ shift and go to state 106 ]
  ! LE              [ shift and go to state 107 ]
  ! GT              [ shift and go to state 108 ]
  ! GE              [ shift and go to state 109 ]
  ! PLUS            [ shift and go to state 110 ]
  ! MINUS           [ shift and go to state 111 ]
  ! TIMES           [ shift and go to state 112 ]
  ! DIVIDE          [ shift and go to state 113 ]


state 142

    (76) expr -> expr DIVIDE expr .
    (64) expr -> expr . OR expr
    (65) expr -> expr . AND expr
    (67) expr -> expr . EQ expr
    (68) expr -> expr . NE expr
    (69) expr -> expr . LT expr
    (70) expr -> expr . LE expr
    (71) expr -> expr . GT expr
    (72) expr -> expr . GE expr
    (73) expr -> expr . PLUS expr
    (74) expr -> expr . MINUS expr
    (75) expr -> expr . TIMES expr
    (76) expr -> expr . DIVIDE expr

    OR              reduce using rule 76 (expr -> expr DIVIDE expr .)
    AND             reduce using rule 76 (expr -> expr DIVIDE expr .)
    EQ              reduce using rule 76 (expr -> expr DIVIDE expr .)
    NE              reduce using rule 76 (expr -> expr DIVIDE expr .)
    LT              reduce using rule 76 (expr -> expr DIVIDE expr .)
    LE              reduce using rule 76 (expr -> expr DIVIDE expr .)
    GT              reduce using rule 76 (expr -> expr DIVIDE expr .)
    GE              reduce using rule 76 (expr -> expr DIVIDE expr .)
    PLUS            reduce using rule 76 (expr -> expr DIVIDE expr .)
    MINUS           reduce using rule 76 (expr -> expr DIVIDE expr .)
    TIMES           reduce using rule 76 (expr -> expr DIVIDE expr .)
    DIVIDE          reduce using rule 76 (expr -> expr DIVIDE expr .)
    END             reduce using rule 76 (expr -> expr DIVIDE expr .)
    INT_CONST       reduce using rule 76 (expr -> expr DIVIDE expr .)
    ID              reduce using rule 76 (expr -> expr DIVIDE expr .)
    IF              reduce using rule 76 (expr -> expr DIVIDE expr .)
    DO              reduce using rule 76 (expr -> expr DIVIDE expr .)
    GOTO            reduce using rule 76 (expr -> expr DIVIDE expr .)
    CONTINUE        reduce using rule 76 (expr -> expr DIVIDE expr .)
    PRINT           reduce using rule 76 (expr -> expr DIVIDE expr .)
    READ            reduce using rule 76 (expr -> expr DIVIDE expr .)
    CALL            reduce using rule 76 (expr -> expr DIVIDE expr .)
    RETURN          reduce using rule 76 (expr -> expr DIVIDE expr .)
    ENDIF           reduce using rule 76 (expr -> expr DIVIDE expr .)
    ELSE            reduce using rule 76 (expr -> expr DIVIDE expr .)
    RPAREN          reduce using rule 76 (expr -> expr DIVIDE expr .)
    COMMA           reduce using rule 76 (expr -> expr DIVIDE expr .)

  ! OR              [ shift and go to state 102 ]
  ! AND             [ shift and go to state 103 ]
  ! EQ              [ shift and go to state 104 ]
  ! NE              [ shift and go to state 105 ]
  ! LT              [ shift and go to state 106 ]
  ! LE              [ shift and go to state 107 ]
  ! GT              [ shift and go to state 108 ]
  ! GE              [ shift and go to state 109 ]
  ! PLUS            [ shift and go to state 110 ]
  ! MINUS           [ shift and go to state 111 ]
  ! TIMES           [ shift and go to state 112 ]
  ! DIVIDE          [ shift and go to state 113 ]


state 143

    (78) expr -> LPAREN expr RPAREN .

    OR              reduce using rule 78 (expr -> LPAREN expr RPAREN .)
    AND             reduce using rule 78 (expr -> LPAREN expr RPAREN .)
    EQ              reduce using rule 78 (expr -> LPAREN expr RPAREN .)
    NE              reduce using rule 78 (expr -> LPAREN expr RPAREN .)
    LT              reduce using rule 78 (expr -> LPAREN expr RPAREN .)
    LE              reduce using rule 78 (expr -> LPAREN expr RPAREN .)
    GT              reduce using rule 78 (expr -> LPAREN expr RPAREN .)
    GE              reduce using rule 78 (expr -> LPAREN expr RPAREN .)
    PLUS            reduce using rule 78 (expr -> LPAREN expr RPAREN .)
    MINUS           reduce using rule 78 (expr -> LPAREN expr RPAREN .)
    TIMES           reduce using rule 78 (expr -> LPAREN expr RPAREN .)
    DIVIDE          reduce using rule 78 (expr -> LPAREN expr RPAREN .)
    END             reduce using rule 78 (expr -> LPAREN expr RPAREN .)
    INT_CONST       reduce using rule 78 (expr -> LPAREN expr RPAREN .)
    ID              reduce using rule 78 (expr -> LPAREN expr RPAREN .)
    IF              reduce using rule 78 (expr -> LPAREN expr RPAREN .)
    DO              reduce using rule 78 (expr -> LPAREN expr RPAREN .)
    GOTO            reduce using rule 78 (expr -> LPAREN expr RPAREN .)
    CONTINUE        reduce using rule 78 (expr -> LPAREN expr RPAREN .)
    PRINT           reduce using rule 78 (expr -> LPAREN expr RPAREN .)
    READ            reduce using rule 78 (expr -> LPAREN expr RPAREN .)
    CALL            reduce using rule 78 (expr -> LPAREN expr RPAREN .)
    RETURN          reduce using rule 78 (expr -> LPAREN expr RPAREN .)
    ENDIF           reduce using rule 78 (expr -> LPAREN expr RPAREN .)
    ELSE            reduce using rule 78 (expr -> LPAREN expr RPAREN .)
    RPAREN          reduce using rule 78 (expr -> LPAREN expr RPAREN .)
    COMMA           reduce using rule 78 (expr -> LPAREN expr RPAREN .)


state 144

    (42) assign_stmt -> ID LPAREN expr RPAREN EQUALS . expr
    (64) expr -> . expr OR expr
    (65) expr -> . expr AND expr
    (66) expr -> . NOT expr
    (67) expr -> . expr EQ expr
    (68) expr -> . expr NE expr
    (69) expr -> . expr LT expr
    (70) expr -> . expr LE expr
    (71) expr -> . expr GT expr
    (72) expr -> . expr GE expr
    (73) expr -> . expr PLUS expr
    (74) expr -> . expr MINUS expr
    (75) expr -> . expr TIMES expr
    (76) expr -> . expr DIVIDE expr
    (77) expr -> . MINUS expr
    (78) expr -> . LPAREN expr RPAREN
    (79) expr -> . ID LPAREN expr_list RPAREN
    (80) expr -> . ID
    (81) expr -> . INT_CONST
    (82) expr -> . REAL_CONST
    (83) expr -> . STRING
    (84) expr -> . TRUE
    (85) expr -> . FALSE

    NOT             shift and go to state 82
    MINUS           shift and go to state 83
    LPAREN          shift and go to state 84
    ID              shift and go to state 80
    INT_CONST       shift and go to state 85
    REAL_CONST      shift and go to state 86
    STRING          shift and go to state 87
    TRUE            shift and go to state 88
    FALSE           shift and go to state 89

    expr                           shift and go to state 154

state 145

    (43) if_stmt -> IF LPAREN expr RPAREN THEN . statements ENDIF
    (44) if_stmt -> IF LPAREN expr RPAREN THEN . statements ELSE statements ENDIF
    (28) statements -> . statements labeled_stmt
    (29) statements -> . empty
    (86) empty -> .

    ENDIF           reduce using rule 86 (empty -> .)
    ELSE            reduce using rule 86 (empty -> .)
    INT_CONST       reduce using rule 86 (empty -> .)
    ID              reduce using rule 86 (empty -> .)
    IF              reduce using rule 86 (empty -> .)
    DO              reduce using rule 86 (empty -> .)
    GOTO            reduce using rule 86 (empty -> .)
    CONTINUE        reduce using rule 86 (empty -> .)
    PRINT           reduce using rule 86 (empty -> .)
    READ            reduce using rule 86 (empty -> .)
    CALL            reduce using rule 86 (empty -> .)
    RETURN          reduce using rule 86 (empty -> .)

    statements                     shift and go to state 155
    empty                          shift and go to state 28

state 146

    (45) if_stmt -> IF LPAREN expr RPAREN statement .

    END             reduce using rule 45 (if_stmt -> IF LPAREN expr RPAREN statement .)
    INT_CONST       reduce using rule 45 (if_stmt -> IF LPAREN expr RPAREN statement .)
    ID              reduce using rule 45 (if_stmt -> IF LPAREN expr RPAREN statement .)
    IF              reduce using rule 45 (if_stmt -> IF LPAREN expr RPAREN statement .)
    DO              reduce using rule 45 (if_stmt -> IF LPAREN expr RPAREN statement .)
    GOTO            reduce using rule 45 (if_stmt -> IF LPAREN expr RPAREN statement .)
    CONTINUE        reduce using rule 45 (if_stmt -> IF LPAREN expr RPAREN statement .)
    PRINT           reduce using rule 45 (if_stmt -> IF LPAREN expr RPAREN statement .)
    READ            reduce using rule 45 (if_stmt -> IF LPAREN expr RPAREN statement .)
    CALL            reduce using rule 45 (if_stmt -> IF LPAREN expr RPAREN statement .)
    RETURN          reduce using rule 45 (if_stmt -> IF LPAREN expr RPAREN statement .)
    ENDIF           reduce using rule 45 (if_stmt -> IF LPAREN expr RPAREN statement .)
    ELSE            reduce using rule 45 (if_stmt -> IF LPAREN expr RPAREN statement .)


state 147

    (46) do_stmt -> DO INT_CONST ID EQUALS expr . COMMA expr do_body do_end
    (47) do_stmt -> DO INT_CONST ID EQUALS expr . COMMA expr COMMA expr do_body do_end
    (64) expr -> expr . OR expr
    (65) expr -> expr . AND expr
    (67) expr -> expr . EQ expr
    (68) expr -> expr . NE expr
    (69) expr -> expr . LT expr
    (70) expr -> expr . LE expr
    (71) expr -> expr . GT expr
    (72) expr -> expr . GE expr
    (73) expr -> expr . PLUS expr
    (74) expr -> expr . MINUS expr
    (75) expr -> expr . TIMES expr
    (76) expr -> expr . DIVIDE expr

    COMMA           shift and go to state 156
    OR              shift and go to state 102
    AND             shift and go to state 103
    EQ              shift and go to state 104
    NE              shift and go to state 105
    LT              shift and go to state 106
    LE              shift and go to state 107
    GT              shift and go to state 108
    GE              shift and go to state 109
    PLUS            shift and go to state 110
    MINUS           shift and go to state 111
    TIMES           shift and go to state 112
    DIVIDE          shift and go to state 113


state 148

    (62) expr_list -> expr_list COMMA . expr
    (64) expr -> . expr OR expr
    (65) expr -> . expr AND expr
    (66) expr -> . NOT expr
    (67) expr -> . expr EQ expr
    (68) expr -> . expr NE expr
    (69) expr -> . expr LT expr
    (70) expr -> . expr LE expr
    (71) expr -> . expr GT expr
    (72) expr -> . expr GE expr
    (73) expr -> . expr PLUS expr
    (74) expr -> . expr MINUS expr
    (75) expr -> . expr TIMES expr
    (76) expr -> . expr DIVIDE expr
    (77) expr -> . MINUS expr
    (78) expr -> . LPAREN expr RPAREN
    (79) expr -> . ID LPAREN expr_list RPAREN
    (80) expr -> . ID
    (81) expr -> . INT_CONST
    (82) expr -> . REAL_CONST
    (83) expr -> . STRING
    (84) expr -> . TRUE
    (85) expr -> . FALSE

    NOT             shift and go to state 82
    MINUS           shift and go to state 83
    LPAREN          shift and go to state 84
    ID              shift and go to state 80
    INT_CONST       shift and go to state 85
    REAL_CONST      shift and go to state 86
    STRING          shift and go to state 87
    TRUE            shift and go to state 88
    FALSE           shift and go to state 89

    expr                           shift and go to state 157

state 149

    (55) read_list -> read_list COMMA . read_item
    (57) read_item -> . ID
    (58) read_item -> . ID LPAREN expr RPAREN

    ID              shift and go to state 124

    read_item                      shift and go to state 158

state 150

    (58) read_item -> ID LPAREN . expr RPAREN
    (64) expr -> . expr OR expr
    (65) expr -> . expr AND expr
    (66) expr -> . NOT expr
    (67) expr -> . expr EQ expr
    (68) expr -> . expr NE expr
    (69) expr -> . expr LT expr
    (70) expr -> . expr LE expr
    (71) expr -> . expr GT expr
    (72) expr -> . expr GE expr
    (73) expr -> . expr PLUS expr
    (74) expr -> . expr MINUS expr
    (75) expr -> . expr TIMES expr
    (76) expr -> . expr DIVIDE expr
    (77) expr -> . MINUS expr
    (78) expr -> . LPAREN expr RPAREN
    (79) expr -> . ID LPAREN expr_list RPAREN
    (80) expr -> . ID
    (81) expr -> . INT_CONST
    (82) expr -> . REAL_CONST
    (83) expr -> . STRING
    (84) expr -> . TRUE
    (85) expr -> . FALSE

    NOT             shift and go to state 82
    MINUS           shift and go to state 83
    LPAREN          shift and go to state 84
    ID              shift and go to state 80
    INT_CONST       shift and go to state 85
    REAL_CONST      shift and go to state 86
    STRING          shift and go to state 87
    TRUE            shift and go to state 88
    FALSE           shift and go to state 89

    expr                           shift and go to state 159

state 151

    (60) call_stmt -> CALL ID LPAREN expr_list RPAREN .

    END             reduce using rule 60 (call_stmt -> CALL ID LPAREN expr_list RPAREN .)
    INT_CONST       reduce using rule 60 (call_stmt -> CALL ID LPAREN expr_list RPAREN .)
    ID              reduce using rule 60 (call_stmt -> CALL ID LPAREN expr_list RPAREN .)
    IF              reduce using rule 60 (call_stmt -> CALL ID LPAREN expr_list RPAREN .)
    DO              reduce using rule 60 (call_stmt -> CALL ID LPAREN expr_list RPAREN .)
    GOTO            reduce using rule 60 (call_stmt -> CALL ID LPAREN expr_list RPAREN .)
    CONTINUE        reduce using rule 60 (call_stmt -> CALL ID LPAREN expr_list RPAREN .)
    PRINT           reduce using rule 60 (call_stmt -> CALL ID LPAREN expr_list RPAREN .)
    READ            reduce using rule 60 (call_stmt -> CALL ID LPAREN expr_list RPAREN .)
    CALL            reduce using rule 60 (call_stmt -> CALL ID LPAREN expr_list RPAREN .)
    RETURN          reduce using rule 60 (call_stmt -> CALL ID LPAREN expr_list RPAREN .)
    ENDIF           reduce using rule 60 (call_stmt -> CALL ID LPAREN expr_list RPAREN .)
    ELSE            reduce using rule 60 (call_stmt -> CALL ID LPAREN expr_list RPAREN .)


state 152

    (7) function_def -> type FUNCTION ID LPAREN param_list_opt RPAREN declarations statements END .

    PROGRAM         reduce using rule 7 (function_def -> type FUNCTION ID LPAREN param_list_opt RPAREN declarations statements END .)
    SUBROUTINE      reduce using rule 7 (function_def -> type FUNCTION ID LPAREN param_list_opt RPAREN declarations statements END .)
    INTEGER         reduce using rule 7 (function_def -> type FUNCTION ID LPAREN param_list_opt RPAREN declarations statements END .)
    REAL            reduce using rule 7 (function_def -> type FUNCTION ID LPAREN param_list_opt RPAREN declarations statements END .)
    LOGICAL         reduce using rule 7 (function_def -> type FUNCTION ID LPAREN param_list_opt RPAREN declarations statements END .)
    CHARACTER       reduce using rule 7 (function_def -> type FUNCTION ID LPAREN param_list_opt RPAREN declarations statements END .)
    $end            reduce using rule 7 (function_def -> type FUNCTION ID LPAREN param_list_opt RPAREN declarations statements END .)


state 153

    (79) expr -> ID LPAREN expr_list RPAREN .

    OR              reduce using rule 79 (expr -> ID LPAREN expr_list RPAREN .)
    AND             reduce using rule 79 (expr -> ID LPAREN expr_list RPAREN .)
    EQ              reduce using rule 79 (expr -> ID LPAREN expr_list RPAREN .)
    NE              reduce using rule 79 (expr -> ID LPAREN expr_list RPAREN .)
    LT              reduce using rule 79 (expr -> ID LPAREN expr_list RPAREN .)
    LE              reduce using rule 79 (expr -> ID LPAREN expr_list RPAREN .)
    GT              reduce using rule 79 (expr -> ID LPAREN expr_list RPAREN .)
    GE              reduce using rule 79 (expr -> ID LPAREN expr_list RPAREN .)
    PLUS            reduce using rule 79 (expr -> ID LPAREN expr_list RPAREN .)
    MINUS           reduce using rule 79 (expr -> ID LPAREN expr_list RPAREN .)
    TIMES           reduce using rule 79 (expr -> ID LPAREN expr_list RPAREN .)
    DIVIDE          reduce using rule 79 (expr -> ID LPAREN expr_list RPAREN .)
    END             reduce using rule 79 (expr -> ID LPAREN expr_list RPAREN .)
    INT_CONST       reduce using rule 79 (expr -> ID LPAREN expr_list RPAREN .)
    ID              reduce using rule 79 (expr -> ID LPAREN expr_list RPAREN .)
    IF              reduce using rule 79 (expr -> ID LPAREN expr_list RPAREN .)
    DO              reduce using rule 79 (expr -> ID LPAREN expr_list RPAREN .)
    GOTO            reduce using rule 79 (expr -> ID LPAREN expr_list RPAREN .)
    CONTINUE        reduce using rule 79 (expr -> ID LPAREN expr_list RPAREN .)
    PRINT           reduce using rule 79 (expr -> ID LPAREN expr_list RPAREN .)
    READ            reduce using rule 79 (expr -> ID LPAREN expr_list RPAREN .)
    CALL            reduce using rule 79 (expr -> ID LPAREN expr_list RPAREN .)
    RETURN          reduce using rule 79 (expr -> ID LPAREN expr_list RPAREN .)
    ENDIF           reduce using rule 79 (expr -> ID LPAREN expr_list RPAREN .)
    ELSE            reduce using rule 79 (expr -> ID LPAREN expr_list RPAREN .)
    RPAREN          reduce using rule 79 (expr -> ID LPAREN expr_list RPAREN .)
    COMMA           reduce using rule 79 (expr -> ID LPAREN expr_list RPAREN .)


state 154

    (42) assign_stmt -> ID LPAREN expr RPAREN EQUALS expr .
    (64) expr -> expr . OR expr
    (65) expr -> expr . AND expr
    (67) expr -> expr . EQ expr
    (68) expr -> expr . NE expr
    (69) expr -> expr . LT expr
    (70) expr -> expr . LE expr
    (71) expr -> expr . GT expr
    (72) expr -> expr . GE expr
    (73) expr -> expr . PLUS expr
    (74) expr -> expr . MINUS expr
    (75) expr -> expr . TIMES expr
    (76) expr -> expr . DIVIDE expr

    END             reduce using rule 42 (assign_stmt -> ID LPAREN expr RPAREN EQUALS expr .)
    INT_CONST       reduce using rule 42 (assign_stmt -> ID LPAREN expr RPAREN EQUALS expr .)
    ID              reduce using rule 42 (assign_stmt -> ID LPAREN expr RPAREN EQUALS expr .)
    IF              reduce using rule 42 (assign_stmt -> ID LPAREN expr RPAREN EQUALS expr .)
    DO              reduce using rule 42 (assign_stmt -> ID LPAREN expr RPAREN EQUALS expr .)
    GOTO            reduce using rule 42 (assign_stmt -> ID LPAREN expr RPAREN EQUALS expr .)
    CONTINUE        reduce using rule 42 (assign_stmt -> ID LPAREN expr RPAREN EQUALS expr .)
    PRINT           reduce using rule 42 (assign_stmt -> ID LPAREN expr RPAREN EQUALS expr .)
    READ            reduce using rule 42 (assign_stmt -> ID LPAREN expr RPAREN EQUALS expr .)
    CALL            reduce using rule 42 (assign_stmt -> ID LPAREN expr RPAREN EQUALS expr .)
    RETURN          reduce using rule 42 (assign_stmt -> ID LPAREN expr RPAREN EQUALS expr .)
    ENDIF           reduce using rule 42 (assign_stmt -> ID LPAREN expr RPAREN EQUALS expr .)
    ELSE            reduce using rule 42 (assign_stmt -> ID LPAREN expr RPAREN EQUALS expr .)
    OR              shift and go to state 102
    AND             shift and go to state 103
    EQ              shift and go to state 104
    NE              shift and go to state 105
    LT              shift and go to state 106
    LE              shift and go to state 107
    GT              shift and go to state 108
    GE              shift and go to state 109
    PLUS            shift and go to state 110
    MINUS           shift and go to state 111
    TIMES           shift and go to state 112
    DIVIDE          shift and go to state 113


state 155

    (43) if_stmt -> IF LPAREN expr RPAREN THEN statements . ENDIF
    (44) if_stmt -> IF LPAREN expr RPAREN THEN statements . ELSE statements ENDIF
    (28) statements -> statements . labeled_stmt
    (30) labeled_stmt -> . INT_CONST statement
    (31) labeled_stmt -> . statement
    (32) statement -> . assign_stmt
    (33) statement -> . if_stmt
    (34) statement -> . do_stmt
    (35) statement -> . goto_stmt
    (36) statement -> . continue_stmt
    (37) statement -> . print_stmt
    (38) statement -> . read_stmt
    (39) statement -> . call_stmt
    (40) statement -> . return_stmt
    (41) assign_stmt -> . ID EQUALS expr
    (42) assign_stmt -> . ID LPAREN expr RPAREN EQUALS expr
    (43) if_stmt -> . IF LPAREN expr RPAREN THEN statements ENDIF
    (44) if_stmt -> . IF LPAREN expr RPAREN THEN statements ELSE statements ENDIF
    (45) if_stmt -> . IF LPAREN expr RPAREN statement
    (46) do_stmt -> . DO INT_CONST ID EQUALS expr COMMA expr do_body do_end
    (47) do_stmt -> . DO INT_CONST ID EQUALS expr COMMA expr COMMA expr do_body do_end
    (51) goto_stmt -> . GOTO INT_CONST
    (52) continue_stmt -> . CONTINUE
    (53) print_stmt -> . PRINT TIMES COMMA expr_list
    (54) read_stmt -> . READ TIMES COMMA read_list
    (59) call_stmt -> . CALL ID
    (60) call_stmt -> . CALL ID LPAREN expr_list RPAREN
    (61) return_stmt -> . RETURN

    ENDIF           shift and go to state 160
    ELSE            shift and go to state 161
    INT_CONST       shift and go to state 40
    ID              shift and go to state 37
    IF              shift and go to state 51
    DO              shift and go to state 52
    GOTO            shift and go to state 53
    CONTINUE        shift and go to state 54
    PRINT           shift and go to state 55
    READ            shift and go to state 56
    CALL            shift and go to state 57
    RETURN          shift and go to state 58

    labeled_stmt                   shift and go to state 39
    statement                      shift and go to state 41
    assign_stmt                    shift and go to state 42
    if_stmt                        shift and go to state 43
    do_stmt                        shift and go to state 44
    goto_stmt                      shift and go to state 45
    continue_stmt                  shift and go to state 46
    print_stmt                     shift and go to state 47
    read_stmt                      shift and go to state 48
    call_stmt                      shift and go to state 49
    return_stmt                    shift and go to state 50

state 156

    (46) do_stmt -> DO INT_CONST ID EQUALS expr COMMA . expr do_body do_end
    (47) do_stmt -> DO INT_CONST ID EQUALS expr COMMA . expr COMMA expr do_body do_end
    (64) expr -> . expr OR expr
    (65) expr -> . expr AND expr
    (66) expr -> . NOT expr
    (67) expr -> . expr EQ expr
    (68) expr -> . expr NE expr
    (69) expr -> . expr LT expr
    (70) expr -> . expr LE expr
    (71) expr -> . expr GT expr
    (72) expr -> . expr GE expr
    (73) expr -> . expr PLUS expr
    (74) expr -> . expr MINUS expr
    (75) expr -> . expr TIMES expr
    (76) expr -> . expr DIVIDE expr
    (77) expr -> . MINUS expr
    (78) expr -> . LPAREN expr RPAREN
    (79) expr -> . ID LPAREN expr_list RPAREN
    (80) expr -> . ID
    (81) expr -> . INT_CONST
    (82) expr -> . REAL_CONST
    (83) expr -> . STRING
    (84) expr -> . TRUE
    (85) expr -> . FALSE

    NOT             shift and go to state 82
    MINUS           shift and go to state 83
    LPAREN          shift and go to state 84
    ID              shift and go to state 80
    INT_CONST       shift and go to state 85
    REAL_CONST      shift and go to state 86
    STRING          shift and go to state 87
    TRUE            shift and go to state 88
    FALSE           shift and go to state 89

    expr                           shift and go to state 162

state 157

    (62) expr_list -> expr_list COMMA expr .
    (64) expr -> expr . OR expr
    (65) expr -> expr . AND expr
    (67) expr -> expr . EQ expr
    (68) expr -> expr . NE expr
    (69) expr -> expr . LT expr
    (70) expr -> expr . LE expr
    (71) expr -> expr . GT expr
    (72) expr -> expr . GE expr
    (73) expr -> expr . PLUS expr
    (74) expr -> expr . MINUS expr
    (75) expr -> expr . TIMES expr
    (76) expr -> expr . DIVIDE expr

    COMMA           reduce using rule 62 (expr_list -> expr_list COMMA expr .)
    END             reduce using rule 62 (expr_list -> expr_list COMMA expr .)
    INT_CONST       reduce using rule 62 (expr_list -> expr_list COMMA expr .)
    ID              reduce using rule 62 (expr_list -> expr_list COMMA expr .)
    IF              reduce using rule 62 (expr_list -> expr_list COMMA expr .)
    DO              reduce using rule 62 (expr_list -> expr_list COMMA expr .)
    GOTO            reduce using rule 62 (expr_list -> expr_list COMMA expr .)
    CONTINUE        reduce using rule 62 (expr_list -> expr_list COMMA expr .)
    PRINT           reduce using rule 62 (expr_list -> expr_list COMMA expr .)
    READ            reduce using rule 62 (expr_list -> expr_list COMMA expr .)
    CALL            reduce using rule 62 (expr_list -> expr_list COMMA expr .)
    RETURN          reduce using rule 62 (expr_list -> expr_list COMMA expr .)
    ENDIF           reduce using rule 62 (expr_list -> expr_list COMMA expr .)
    ELSE            reduce using rule 62 (expr_list -> expr_list COMMA expr .)
    RPAREN          reduce using rule 62 (expr_list -> expr_list COMMA expr .)
    OR              shift and go to state 102
    AND             shift and go to state 103
    EQ              shift and go to state 104
    NE              shift and go to state 105
    LT              shift and go to state 106
    LE              shift and go to state 107
    GT              shift and go to state 108
    GE              shift and go to state 109
    PLUS            shift and go to state 110
    MINUS           shift and go to state 111
    TIMES           shift and go to state 112
    DIVIDE          shift and go to state 113


state 158

    (55) read_list -> read_list COMMA read_item .

    COMMA           reduce using rule 55 (read_list -> read_list COMMA read_item .)
    END             reduce using rule 55 (read_list -> read_list COMMA read_item .)
    INT_CONST       reduce using rule 55 (read_list -> read_list COMMA read_item .)
    ID              reduce using rule 55 (read_list -> read_list COMMA read_item .)
    IF              reduce using rule 55 (read_list -> read_list COMMA read_item .)
    DO              reduce using rule 55 (read_list -> read_list COMMA read_item .)
    GOTO            reduce using rule 55 (read_list -> read_list COMMA read_item .)
    CONTINUE        reduce using rule 55 (read_list -> read_list COMMA read_item .)
    PRINT           reduce using rule 55 (read_list -> read_list COMMA read_item .)
    READ            reduce using rule 55 (read_list -> read_list COMMA read_item .)
    CALL            reduce using rule 55 (read_list -> read_list COMMA read_item .)
    RETURN          reduce using rule 55 (read_list -> read_list COMMA read_item .)
    ENDIF           reduce using rule 55 (read_list -> read_list COMMA read_item .)
    ELSE            reduce using rule 55 (read_list -> read_list COMMA read_item .)


state 159

    (58) read_item -> ID LPAREN expr . RPAREN
    (64) expr -> expr . OR expr
    (65) expr -> expr . AND expr
    (67) expr -> expr . EQ expr
    (68) expr -> expr . NE expr
    (69) expr -> expr . LT expr
    (70) expr -> expr . LE expr
    (71) expr -> expr . GT expr
    (72) expr -> expr . GE expr
    (73) expr -> expr . PLUS expr
    (74) expr -> expr . MINUS expr
    (75) expr -> expr . TIMES expr
    (76) expr -> expr . DIVIDE expr

    RPAREN          shift and go to state 163
    OR              shift and go to state 102
    AND             shift and go to state 103
    EQ              shift and go to state 104
    NE              shift and go to state 105
    LT              shift and go to state 106
    LE              shift and go to state 107
    GT              shift and go to state 108
    GE              shift and go to state 109
    PLUS            shift and go to state 110
    MINUS           shift and go to state 111
    TIMES           shift and go to state 112
    DIVIDE          shift and go to state 113


state 160

    (43) if_stmt -> IF LPAREN expr RPAREN THEN statements ENDIF .

    END             reduce using rule 43 (if_stmt -> IF LPAREN expr RPAREN THEN statements ENDIF .)
    INT_CONST       reduce using rule 43 (if_stmt -> IF LPAREN expr RPAREN THEN statements ENDIF .)
    ID              reduce using rule 43 (if_stmt -> IF LPAREN expr RPAREN THEN statements ENDIF .)
    IF              reduce using rule 43 (if_stmt -> IF LPAREN expr RPAREN THEN statements ENDIF .)
    DO              reduce using rule 43 (if_stmt -> IF LPAREN expr RPAREN THEN statements ENDIF .)
    GOTO            reduce using rule 43 (if_stmt -> IF LPAREN expr RPAREN THEN statements ENDIF .)
    CONTINUE        reduce using rule 43 (if_stmt -> IF LPAREN expr RPAREN THEN statements ENDIF .)
    PRINT           reduce using rule 43 (if_stmt -> IF LPAREN expr RPAREN THEN statements ENDIF .)
    READ            reduce using rule 43 (if_stmt -> IF LPAREN expr RPAREN THEN statements ENDIF .)
    CALL            reduce using rule 43 (if_stmt -> IF LPAREN expr RPAREN THEN statements ENDIF .)
    RETURN          reduce using rule 43 (if_stmt -> IF LPAREN expr RPAREN THEN statements ENDIF .)
    ENDIF           reduce using rule 43 (if_stmt -> IF LPAREN expr RPAREN THEN statements ENDIF .)
    ELSE            reduce using rule 43 (if_stmt -> IF LPAREN expr RPAREN THEN statements ENDIF .)


state 161

    (44) if_stmt -> IF LPAREN expr RPAREN THEN statements ELSE . statements ENDIF
    (28) statements -> . statements labeled_stmt
    (29) statements -> . empty
    (86) empty -> .

    ENDIF           reduce using rule 86 (empty -> .)
    INT_CONST       reduce using rule 86 (empty -> .)
    ID              reduce using rule 86 (empty -> .)
    IF              reduce using rule 86 (empty -> .)
    DO              reduce using rule 86 (empty -> .)
    GOTO            reduce using rule 86 (empty -> .)
    CONTINUE        reduce using rule 86 (empty -> .)
    PRINT           reduce using rule 86 (empty -> .)
    READ            reduce using rule 86 (empty -> .)
    CALL            reduce using rule 86 (empty -> .)
    RETURN          reduce using rule 86 (empty -> .)

    statements                     shift and go to state 164
    empty                          shift and go to state 28

state 162

    (46) do_stmt -> DO INT_CONST ID EQUALS expr COMMA expr . do_body do_end
    (47) do_stmt -> DO INT_CONST ID EQUALS expr COMMA expr . COMMA expr do_body do_end
    (64) expr -> expr . OR expr
    (65) expr -> expr . AND expr
    (67) expr -> expr . EQ expr
    (68) expr -> expr . NE expr
    (69) expr -> expr . LT expr
    (70) expr -> expr . LE expr
    (71) expr -> expr . GT expr
    (72) expr -> expr . GE expr
    (73) expr -> expr . PLUS expr
    (74) expr -> expr . MINUS expr
    (75) expr -> expr . TIMES expr
    (76) expr -> expr . DIVIDE expr
    (48) do_body -> . do_body statement
    (49) do_body -> . empty
    (86) empty -> .

    COMMA           shift and go to state 165
    OR              shift and go to state 102
    AND             shift and go to state 103
    EQ              shift and go to state 104
    NE              shift and go to state 105
    LT              shift and go to state 106
    LE              shift and go to state 107
    GT              shift and go to state 108
    GE              shift and go to state 109
    PLUS            shift and go to state 110
    MINUS           shift and go to state 111
    TIMES           shift and go to state 112
    DIVIDE          shift and go to state 113
    INT_CONST       reduce using rule 86 (empty -> .)
    ID              reduce using rule 86 (empty -> .)
    IF              reduce using rule 86 (empty -> .)
    DO              reduce using rule 86 (empty -> .)
    GOTO            reduce using rule 86 (empty -> .)
    CONTINUE        reduce using rule 86 (empty -> .)
    PRINT           reduce using rule 86 (empty -> .)
    READ            reduce using rule 86 (empty -> .)
    CALL            reduce using rule 86 (empty -> .)
    RETURN          reduce using rule 86 (empty -> .)

    do_body                        shift and go to state 166
    empty                          shift and go to state 167

state 163

    (58) read_item -> ID LPAREN expr RPAREN .

    COMMA           reduce using rule 58 (read_item -> ID LPAREN expr RPAREN .)
    END             reduce using rule 58 (read_item -> ID LPAREN expr RPAREN .)
    INT_CONST       reduce using rule 58 (read_item -> ID LPAREN expr RPAREN .)
    ID              reduce using rule 58 (read_item -> ID LPAREN expr RPAREN .)
    IF              reduce using rule 58 (read_item -> ID LPAREN expr RPAREN .)
    DO              reduce using rule 58 (read_item -> ID LPAREN expr RPAREN .)
    GOTO            reduce using rule 58 (read_item -> ID LPAREN expr RPAREN .)
    CONTINUE        reduce using rule 58 (read_item -> ID LPAREN expr RPAREN .)
    PRINT           reduce using rule 58 (read_item -> ID LPAREN expr RPAREN .)
    READ            reduce using rule 58 (read_item -> ID LPAREN expr RPAREN .)
    CALL            reduce using rule 58 (read_item -> ID LPAREN expr RPAREN .)
    RETURN          reduce using rule 58 (read_item -> ID LPAREN expr RPAREN .)
    ENDIF           reduce using rule 58 (read_item -> ID LPAREN expr RPAREN .)
    ELSE            reduce using rule 58 (read_item -> ID LPAREN expr RPAREN .)


state 164

    (44) if_stmt -> IF LPAREN expr RPAREN THEN statements ELSE statements . ENDIF
    (28) statements -> statements . labeled_stmt
    (30) labeled_stmt -> . INT_CONST statement
    (31) labeled_stmt -> . statement
    (32) statement -> . assign_stmt
    (33) statement -> . if_stmt
    (34) statement -> . do_stmt
    (35) statement -> . goto_stmt
    (36) statement -> . continue_stmt
    (37) statement -> . print_stmt
    (38) statement -> . read_stmt
    (39) statement -> . call_stmt
    (40) statement -> . return_stmt
    (41) assign_stmt -> . ID EQUALS expr
    (42) assign_stmt -> . ID LPAREN expr RPAREN EQUALS expr
    (43) if_stmt -> . IF LPAREN expr RPAREN THEN statements ENDIF
    (44) if_stmt -> . IF LPAREN expr RPAREN THEN statements ELSE statements ENDIF
    (45) if_stmt -> . IF LPAREN expr RPAREN statement
    (46) do_stmt -> . DO INT_CONST ID EQUALS expr COMMA expr do_body do_end
    (47) do_stmt -> . DO INT_CONST ID EQUALS expr COMMA expr COMMA expr do_body do_end
    (51) goto_stmt -> . GOTO INT_CONST
    (52) continue_stmt -> . CONTINUE
    (53) print_stmt -> . PRINT TIMES COMMA expr_list
    (54) read_stmt -> . READ TIMES COMMA read_list
    (59) call_stmt -> . CALL ID
    (60) call_stmt -> . CALL ID LPAREN expr_list RPAREN
    (61) return_stmt -> . RETURN

    ENDIF           shift and go to state 168
    INT_CONST       shift and go to state 40
    ID              shift and go to state 37
    IF              shift and go to state 51
    DO              shift and go to state 52
    GOTO            shift and go to state 53
    CONTINUE        shift and go to state 54
    PRINT           shift and go to state 55
    READ            shift and go to state 56
    CALL            shift and go to state 57
    RETURN          shift and go to state 58

    labeled_stmt                   shift and go to state 39
    statement                      shift and go to state 41
    assign_stmt                    shift and go to state 42
    if_stmt                        shift and go to state 43
    do_stmt                        shift and go to state 44
    goto_stmt                      shift and go to state 45
    continue_stmt                  shift and go to state 46
    print_stmt                     shift and go to state 47
    read_stmt                      shift and go to state 48
    call_stmt                      shift and go to state 49
    return_stmt                    shift and go to state 50

state 165

    (47) do_stmt -> DO INT_CONST ID EQUALS expr COMMA expr COMMA . expr do_body do_end
    (64) expr -> . expr OR expr
    (65) expr -> . expr AND expr
    (66) expr -> . NOT expr
    (67) expr -> . expr EQ expr
    (68) expr -> . expr NE expr
    (69) expr -> . expr LT expr
    (70) expr -> . expr LE expr
    (71) expr -> . expr GT expr
    (72) expr -> . expr GE expr
    (73) expr -> . expr PLUS expr
    (74) expr -> . expr MINUS expr
    (75) expr -> . expr TIMES expr
    (76) expr -> . expr DIVIDE expr
    (77) expr -> . MINUS expr
    (78) expr -> . LPAREN expr RPAREN
    (79) expr -> . ID LPAREN expr_list RPAREN
    (80) expr -> . ID
    (81) expr -> . INT_CONST
    (82) expr -> . REAL_CONST
    (83) expr -> . STRING
    (84) expr -> . TRUE
    (85) expr -> . FALSE

    NOT             shift and go to state 82
    MINUS           shift and go to state 83
    LPAREN          shift and go to state 84
    ID              shift and go to state 80
    INT_CONST       shift and go to state 85
    REAL_CONST      shift and go to state 86
    STRING          shift and go to state 87
    TRUE            shift and go to state 88
    FALSE           shift and go to state 89

    expr                           shift and go to state 169

state 166

    (46) do_stmt -> DO INT_CONST ID EQUALS expr COMMA expr do_body . do_end
    (48) do_body -> do_body . statement
    (50) do_end -> . INT_CONST CONTINUE
    (32) statement -> . assign_stmt
    (33) statement -> . if_stmt
    (34) statement -> . do_stmt
    (35) statement -> . goto_stmt
    (36) statement -> . continue_stmt
    (37) statement -> . print_stmt
    (38) statement -> . read_stmt
    (39) statement -> . call_stmt
    (40) statement -> . return_stmt
    (41) assign_stmt -> . ID EQUALS expr
    (42) assign_stmt -> . ID LPAREN expr RPAREN EQUALS expr
    (43) if_stmt -> . IF LPAREN expr RPAREN THEN statements ENDIF
    (44) if_stmt -> . IF LPAREN expr RPAREN THEN statements ELSE statements ENDIF
    (45) if_stmt -> . IF LPAREN expr RPAREN statement
    (46) do_stmt -> . DO INT_CONST ID EQUALS expr COMMA expr do_body do_end
    (47) do_stmt -> . DO INT_CONST ID EQUALS expr COMMA expr COMMA expr do_body do_end
    (51) goto_stmt -> . GOTO INT_CONST
    (52) continue_stmt -> . CONTINUE
    (53) print_stmt -> . PRINT TIMES COMMA expr_list
    (54) read_stmt -> . READ TIMES COMMA read_list
    (59) call_stmt -> . CALL ID
    (60) call_stmt -> . CALL ID LPAREN expr_list RPAREN
    (61) return_stmt -> . RETURN

    INT_CONST       shift and go to state 170
    ID              shift and go to state 37
    IF              shift and go to state 51
    DO              shift and go to state 52
    GOTO            shift and go to state 53
    CONTINUE        shift and go to state 54
    PRINT           shift and go to state 55
    READ            shift and go to state 56
    CALL            shift and go to state 57
    RETURN          shift and go to state 58

    do_end                         shift and go to state 171
    statement                      shift and go to state 172
    assign_stmt                    shift and go to state 42
    if_stmt                        shift and go to state 43
    do_stmt                        shift and go to state 44
    goto_stmt                      shift and go to state 45
    continue_stmt                  shift and go to state 46
    print_stmt                     shift and go to state 47
    read_stmt                      shift and go to state 48
    call_stmt                      shift and go to state 49
    return_stmt                    shift and go to state 50

state 167

    (49) do_body -> empty .

    INT_CONST       reduce using rule 49 (do_body -> empty .)
    ID              reduce using rule 49 (do_body -> empty .)
    IF              reduce using rule 49 (do_body -> empty .)
    DO              reduce using rule 49 (do_body -> empty .)
    GOTO            reduce using rule 49 (do_body -> empty .)
    CONTINUE        reduce using rule 49 (do_body -> empty .)
    PRINT           reduce using rule 49 (do_body -> empty .)
    READ            reduce using rule 49 (do_body -> empty .)
    CALL            reduce using rule 49 (do_body -> empty .)
    RETURN          reduce using rule 49 (do_body -> empty .)


state 168

    (44) if_stmt -> IF LPAREN expr RPAREN THEN statements ELSE statements ENDIF .

    END             reduce using rule 44 (if_stmt -> IF LPAREN expr RPAREN THEN statements ELSE statements ENDIF .)
    INT_CONST       reduce using rule 44 (if_stmt -> IF LPAREN expr RPAREN THEN statements ELSE statements ENDIF .)
    ID              reduce using rule 44 (if_stmt -> IF LPAREN expr RPAREN THEN statements ELSE statements ENDIF .)
    IF              reduce using rule 44 (if_stmt -> IF LPAREN expr RPAREN THEN statements ELSE statements ENDIF .)
    DO              reduce using rule 44 (if_stmt -> IF LPAREN expr RPAREN THEN statements ELSE statements ENDIF .)
    GOTO            reduce using rule 44 (if_stmt -> IF LPAREN expr RPAREN THEN statements ELSE statements ENDIF .)
    CONTINUE        reduce using rule 44 (if_stmt -> IF LPAREN expr RPAREN THEN statements ELSE statements ENDIF .)
    PRINT           reduce using rule 44 (if_stmt -> IF LPAREN expr RPAREN THEN statements ELSE statements ENDIF .)
    READ            reduce using rule 44 (if_stmt -> IF LPAREN expr RPAREN THEN statements ELSE statements ENDIF .)
    CALL            reduce using rule 44 (if_stmt -> IF LPAREN expr RPAREN THEN statements ELSE statements ENDIF .)
    RETURN          reduce using rule 44 (if_stmt -> IF LPAREN expr RPAREN THEN statements ELSE statements ENDIF .)
    ENDIF           reduce using rule 44 (if_stmt -> IF LPAREN expr RPAREN THEN statements ELSE statements ENDIF .)
    ELSE            reduce using rule 44 (if_stmt -> IF LPAREN expr RPAREN THEN statements ELSE statements ENDIF .)


state 169

    (47) do_stmt -> DO INT_CONST ID EQUALS expr COMMA expr COMMA expr . do_body do_end
    (64) expr -> expr . OR expr
    (65) expr -> expr . AND expr
    (67) expr -> expr . EQ expr
    (68) expr -> expr . NE expr
    (69) expr -> expr . LT expr
    (70) expr -> expr . LE expr
    (71) expr -> expr . GT expr
    (72) expr -> expr . GE expr
    (73) expr -> expr . PLUS expr
    (74) expr -> expr . MINUS expr
    (75) expr -> expr . TIMES expr
    (76) expr -> expr . DIVIDE expr
    (48) do_body -> . do_body statement
    (49) do_body -> . empty
    (86) empty -> .

    OR              shift and go to state 102
    AND             shift and go to state 103
    EQ              shift and go to state 104
    NE              shift and go to state 105
    LT              shift and go to state 106
    LE              shift and go to state 107
    GT              shift and go to state 108
    GE              shift and go to state 109
    PLUS            shift and go to state 110
    MINUS           shift and go to state 111
    TIMES           shift and go to state 112
    DIVIDE          shift and go to state 113
    INT_CONST       reduce using rule 86 (empty -> .)
    ID              reduce using rule 86 (empty -> .)
    IF              reduce using rule 86 (empty -> .)
    DO              reduce using rule 86 (empty -> .)
    GOTO            reduce using rule 86 (empty -> .)
    CONTINUE        reduce using rule 86 (empty -> .)
    PRINT           reduce using rule 86 (empty -> .)
    READ            reduce using rule 86 (empty -> .)
    CALL            reduce using rule 86 (empty -> .)
    RETURN          reduce using rule 86 (empty -> .)

    do_body                        shift and go to state 173
    empty                          shift and go to state 167

state 170

    (50) do_end -> INT_CONST . CONTINUE

    CONTINUE        shift and go to state 174


state 171

    (46) do_stmt -> DO INT_CONST ID EQUALS expr COMMA expr do_body do_end .

    END             reduce using rule 46 (do_stmt -> DO INT_CONST ID EQUALS expr COMMA expr do_body do_end .)
    INT_CONST       reduce using rule 46 (do_stmt -> DO INT_CONST ID EQUALS expr COMMA expr do_body do_end .)
    ID              reduce using rule 46 (do_stmt -> DO INT_CONST ID EQUALS expr COMMA expr do_body do_end .)
    IF              reduce using rule 46 (do_stmt -> DO INT_CONST ID EQUALS expr COMMA expr do_body do_end .)
    DO              reduce using rule 46 (do_stmt -> DO INT_CONST ID EQUALS expr COMMA expr do_body do_end .)
    GOTO            reduce using rule 46 (do_stmt -> DO INT_CONST ID EQUALS expr COMMA expr do_body do_end .)
    CONTINUE        reduce using rule 46 (do_stmt -> DO INT_CONST ID EQUALS expr COMMA expr do_body do_end .)
    PRINT           reduce using rule 46 (do_stmt -> DO INT_CONST ID EQUALS expr COMMA expr do_body do_end .)
    READ            reduce using rule 46 (do_stmt -> DO INT_CONST ID EQUALS expr COMMA expr do_body do_end .)
    CALL            reduce using rule 46 (do_stmt -> DO INT_CONST ID EQUALS expr COMMA expr do_body do_end .)
    RETURN          reduce using rule 46 (do_stmt -> DO INT_CONST ID EQUALS expr COMMA expr do_body do_end .)
    ENDIF           reduce using rule 46 (do_stmt -> DO INT_CONST ID EQUALS expr COMMA expr do_body do_end .)
    ELSE            reduce using rule 46 (do_stmt -> DO INT_CONST ID EQUALS expr COMMA expr do_body do_end .)


state 172

    (48) do_body -> do_body statement .

    INT_CONST       reduce using rule 48 (do_body -> do_body statement .)
    ID              reduce using rule 48 (do_body -> do_body statement .)
    IF              reduce using rule 48 (do_body -> do_body statement .)
    DO              reduce using rule 48 (do_body -> do_body statement .)
    GOTO            reduce using rule 48 (do_body -> do_body statement .)
    CONTINUE        reduce using rule 48 (do_body -> do_body statement .)
    PRINT           reduce using rule 48 (do_body -> do_body statement .)
    READ            reduce using rule 48 (do_body -> do_body statement .)
    CALL            reduce using rule 48 (do_body -> do_body statement .)
    RETURN          reduce using rule 48 (do_body -> do_body statement .)


state 173

    (47) do_stmt -> DO INT_CONST ID EQUALS expr COMMA expr COMMA expr do_body . do_end
    (48) do_body -> do_body . statement
    (50) do_end -> . INT_CONST CONTINUE
    (32) statement -> . assign_stmt
    (33) statement -> . if_stmt
    (34) statement -> . do_stmt
    (35) statement -> . goto_stmt
    (36) statement -> . continue_stmt
    (37) statement -> . print_stmt
    (38) statement -> . read_stmt
    (39) statement -> . call_stmt
    (40) statement -> . return_stmt
    (41) assign_stmt -> . ID EQUALS expr
    (42) assign_stmt -> . ID LPAREN expr RPAREN EQUALS expr
    (43) if_stmt -> . IF LPAREN expr RPAREN THEN statements ENDIF
    (44) if_stmt -> . IF LPAREN expr RPAREN THEN statements ELSE statements ENDIF
    (45) if_stmt -> . IF LPAREN expr RPAREN statement
    (46) do_stmt -> . DO INT_CONST ID EQUALS expr COMMA expr do_body do_end
    (47) do_stmt -> . DO INT_CONST ID EQUALS expr COMMA expr COMMA expr do_body do_end
    (51) goto_stmt -> . GOTO INT_CONST
    (52) continue_stmt -> . CONTINUE
    (53) print_stmt -> . PRINT TIMES COMMA expr_list
    (54) read_stmt -> . READ TIMES COMMA read_list
    (59) call_stmt -> . CALL ID
    (60) call_stmt -> . CALL ID LPAREN expr_list RPAREN
    (61) return_stmt -> . RETURN

    INT_CONST       shift and go to state 170
    ID              shift and go to state 37
    IF              shift and go to state 51
    DO              shift and go to state 52
    GOTO            shift and go to state 53
    CONTINUE        shift and go to state 54
    PRINT           shift and go to state 55
    READ            shift and go to state 56
    CALL            shift and go to state 57
    RETURN          shift and go to state 58

    do_end                         shift and go to state 175
    statement                      shift and go to state 172
    assign_stmt                    shift and go to state 42
    if_stmt                        shift and go to state 43
    do_stmt                        shift and go to state 44
    goto_stmt                      shift and go to state 45
    continue_stmt                  shift and go to state 46
    print_stmt                     shift and go to state 47
    read_stmt                      shift and go to state 48
    call_stmt                      shift and go to state 49
    return_stmt                    shift and go to state 50

state 174

    (50) do_end -> INT_CONST CONTINUE .

    END             reduce using rule 50 (do_end -> INT_CONST CONTINUE .)
    INT_CONST       reduce using rule 50 (do_end -> INT_CONST CONTINUE .)
    ID              reduce using rule 50 (do_end -> INT_CONST CONTINUE .)
    IF              reduce using rule 50 (do_end -> INT_CONST CONTINUE .)
    DO              reduce using rule 50 (do_end -> INT_CONST CONTINUE .)
    GOTO            reduce using rule 50 (do_end -> INT_CONST CONTINUE .)
    CONTINUE        reduce using rule 50 (do_end -> INT_CONST CONTINUE .)
    PRINT           reduce using rule 50 (do_end -> INT_CONST CONTINUE .)
    READ            reduce using rule 50 (do_end -> INT_CONST CONTINUE .)
    CALL            reduce using rule 50 (do_end -> INT_CONST CONTINUE .)
    RETURN          reduce using rule 50 (do_end -> INT_CONST CONTINUE .)
    ENDIF           reduce using rule 50 (do_end -> INT_CONST CONTINUE .)
    ELSE            reduce using rule 50 (do_end -> INT_CONST CONTINUE .)


state 175

    (47) do_stmt -> DO INT_CONST ID EQUALS expr COMMA expr COMMA expr do_body do_end .

    END             reduce using rule 47 (do_stmt -> DO INT_CONST ID EQUALS expr COMMA expr COMMA expr do_body do_end .)
    INT_CONST       reduce using rule 47 (do_stmt -> DO INT_CONST ID EQUALS expr COMMA expr COMMA expr do_body do_end .)
    ID              reduce using rule 47 (do_stmt -> DO INT_CONST ID EQUALS expr COMMA expr COMMA expr do_body do_end .)
    IF              reduce using rule 47 (do_stmt -> DO INT_CONST ID EQUALS expr COMMA expr COMMA expr do_body do_end .)
    DO              reduce using rule 47 (do_stmt -> DO INT_CONST ID EQUALS expr COMMA expr COMMA expr do_body do_end .)
    GOTO            reduce using rule 47 (do_stmt -> DO INT_CONST ID EQUALS expr COMMA expr COMMA expr do_body do_end .)
    CONTINUE        reduce using rule 47 (do_stmt -> DO INT_CONST ID EQUALS expr COMMA expr COMMA expr do_body do_end .)
    PRINT           reduce using rule 47 (do_stmt -> DO INT_CONST ID EQUALS expr COMMA expr COMMA expr do_body do_end .)
    READ            reduce using rule 47 (do_stmt -> DO INT_CONST ID EQUALS expr COMMA expr COMMA expr do_body do_end .)
    CALL            reduce using rule 47 (do_stmt -> DO INT_CONST ID EQUALS expr COMMA expr COMMA expr do_body do_end .)
    RETURN          reduce using rule 47 (do_stmt -> DO INT_CONST ID EQUALS expr COMMA expr COMMA expr do_body do_end .)
    ENDIF           reduce using rule 47 (do_stmt -> DO INT_CONST ID EQUALS expr COMMA expr COMMA expr do_body do_end .)
    ELSE            reduce using rule 47 (do_stmt -> DO INT_CONST ID EQUALS expr COMMA expr COMMA expr do_body do_end .)

